,Name,Coordinates,Longitude,Latitude
0,TOUGUE EL KHEIR,"-8.255905133,31.16346786,0",-8.255905133,31.16346786
1,IGHRMANE,"-8.435080813,31.15671296,0",-8.435080813,31.15671296
2,AMAGDOULE,"-8.184268261,30.99088146,0",-8.184268261,30.99088146
3,DOU GOUJ,"-8.196455588,30.98722757,0",-8.196455588,30.98722757
4,IMLIL,"-7.921740545,31.13727905,0",-7.921740545,31.13727905
5,AIT OGHAYNE,"-7.576223523,31.38778664,0",-7.576223523,31.38778664
6,TASSA,"-8.751217379,30.94754419,0",-8.751217379,30.94754419
7,TANAWTE,"-8.906358152,30.96582792,0",-8.906358152,30.96582792
8,WANZIDE,"-8.793312362,31.03653584,0",-8.793312362,31.03653584
9,TAGHRATE,"-8.569657372,30.99689613,0",-8.569657372,30.99689613
10,TAMAGOUNSI,"-8.470841453,31.05008373,0",-8.470841453,31.05008373
11,ADASSIL,"-8.495085665,31.11166768,0",-8.495085665,31.11166768
12,SLAMT,"-8.252172077,31.17738092,0",-8.252172077,31.17738092
13,TIGOURRAMINE,"-8.129594032,31.07342339,0",-8.129594032,31.07342339
14,TAZGZAOUTE,"-8.375323506,30.98376055,0",-8.375323506,30.98376055
15,TAWRIRTE,"-8.362413167,30.99378338,0",-8.362413167,30.99378338
16,AMASSINE,"-7.722989857,31.39389329,0",-7.722989857,31.39389329
17,ISSOU QAN,"-8.622166881,30.97584479,0",-8.622166881,30.97584479
18,IMINIGHZAR,"-8.420192467,31.12606843,0",-8.420192467,31.12606843
19,IWNARNE (SOUK),"-8.48862263,31.11307663,0",-8.48862263,31.11307663
20,TAGOUMATE,"-8.526412951,31.01178906,0",-8.526412951,31.01178906
21,TIZINE SAGDALE,"-7.664356971,31.37012305,0",-7.664356971,31.37012305
22,TAOURIRTE,"-7.667103935,31.36568841,0",-7.667103935,31.36568841
23,AIT SOUKA,"-7.909901495,31.1409879,0",-7.909901495,31.1409879
24,MEZZIKENE,"-7.925906953,31.13703904,0",-7.925906953,31.13703904
25,AGUERSIOUAL,"-7.924804504,31.16046652,0",-7.924804504,31.16046652
26,IMSKAR,"-7.938962116,31.20489761,0",-7.938962116,31.20489761
27,OUAOUSSAFL,"-7.946694593,31.17825491,0",-7.946694593,31.17825491
28,TINITINE,"-7.947450547,31.18972961,0",-7.947450547,31.18972961
29,AGUINANE,"-7.977445748,31.13762602,0",-7.977445748,31.13762602
30,OUDKINTE,"-7.825762253,31.3364155,0",-7.825762253,31.3364155
31,IGOUDMANE,"-7.56380545,31.38382321,0",-7.56380545,31.38382321
32,AWOULA,"-8.78905947,31.03744237,0",-8.78905947,31.03744237
33,ARGUE,"-8.406493268,30.99004383,0",-8.406493268,30.99004383
34,WAWDID,"-8.39690382,30.98577107,0",-8.39690382,30.98577107
35,ARAMD,"-7.916838203,31.12623339,0",-7.916838203,31.12623339
36,MESREF EL BORJ,"-7.797492255,31.37361429,0",-7.797492255,31.37361429
37,TISSAKHTE,"-8.897832707,31.08975931,0",-8.897832707,31.08975931
38,TAFRAOUTE,"-7.321471795,31.36691498,0",-7.321471795,31.36691498
39,AFANSOU,"-8.730790682,30.93376534,0",-8.730790682,30.93376534
40,IGHIL NOUAFFANE,"-7.70469748,31.39443969,0",-7.70469748,31.39443969
41,TINAGRAT,"-8.683391262,30.94318734,0",-8.683391262,30.94318734
42,TIGHZA,"-7.701553804,31.39854002,0",-7.701553804,31.39854002
43,ALOUSS,"-7.866442548,31.32389831,0",-7.866442548,31.32389831
44,AMASLANE,"-8.067533606,31.0646947,0",-8.067533606,31.0646947
45,AIT BOUJANOWI,"-7.796391695,31.37216577,0",-7.796391695,31.37216577
46,IGRI OU FELLA,"-7.813008904,31.34357838,0",-7.813008904,31.34357838
47,TIZI WADO,"-8.023400925,31.2417962,0",-8.023400925,31.2417962
48,IGHRAME,"-8.529616906,31.01510206,0",-8.529616906,31.01510206
49,TABYA,"-8.978759699,31.02496869,0",-8.978759699,31.02496869
50,TASSOUAKTE,"-8.24420994,30.95635278,0",-8.24420994,30.95635278
51,TAGADDOTE,"-8.806111636,31.08063665,0",-8.806111636,31.08063665
52,TAGADIRTE,"-8.81077752,31.07242193,0",-8.81077752,31.07242193
53,IMELALEN,"-8.939218394,30.94616266,0",-8.939218394,30.94616266
54,TIJDINE,"-8.878980277,31.03968941,0",-8.878980277,31.03968941
55,TOUG EL KHEIR,"-7.715514115,31.30855798,0",-7.715514115,31.30855798
56,MAJOU,"-8.08388093,30.94383411,0",-8.08388093,30.94383411
57,TINFITE,"-8.091366913,30.95623069,0",-8.091366913,30.95623069
58,TOUG EL KHIR,"-8.139299889,31.06321117,0",-8.139299889,31.06321117
59,AIT ALI,"-8.50057833,31.0693806,0",-8.50057833,31.0693806
60,AMOUTOU,"-7.657691221,31.36382514,0",-7.657691221,31.36382514
61,IZNAGUEN,"-7.67714153,31.37929169,0",-7.67714153,31.37929169
62,AIT KATTOF,"-8.530783687,31.00508888,0",-8.530783687,31.00508888
63,TARGUA,"-8.499325152,31.07282962,0",-8.499325152,31.07282962
64,TADDART,"-8.913765124,30.99298386,0",-8.913765124,30.99298386
65,DR ASNI (QDIM),"-7.978191324,31.22880218,0",-7.978191324,31.22880218
66,TAMGOUNSI,"-7.986894007,31.23903469,0",-7.986894007,31.23903469
67,TAGADIRTE NAIT ALI,"-7.95653987,31.19648339,0",-7.95653987,31.19648339
68,TIGAMMA NIGRANE,"-8.256376354,30.94171727,0",-8.256376354,30.94171727
69,OUAN CHKRIR,"-8.714342264,31.02986998,0",-8.714342264,31.02986998
70,,"-8.761011479,31.04186461,0",-8.761011479,31.04186461
71,TALBORJTE,"-8.765730562,31.08177837,0",-8.765730562,31.08177837
72,,"-7.809987067,31.19459338,0",-7.809987067,31.19459338
73,IMI OU GHLAD,"-7.955988692,31.19223786,0",-7.955988692,31.19223786
74,TABRADJOTE,"-8.707056639,31.10564021,0",-8.707056639,31.10564021
75,AIT AMAR,"-7.824404703,31.26181513,0",-7.824404703,31.26181513
76,TIKHFIST,"-7.800453274,31.2558691,0",-7.800453274,31.2558691
77,AIT BAHAMMOU,"-8.717520696,30.94145209,0",-8.717520696,30.94145209
78,VILLAGE DE MINE TIWBA,"-8.719418848,30.91357251,0",-8.719418848,30.91357251
79,AIN AMRANE,"-7.68131772,31.2205741,0",-7.68131772,31.2205741
80,AGADIR NIJANATEN,"-8.489665519,30.89512945,0",-8.489665519,30.89512945
81,IGHIR,"-8.078673662,30.97766979,0",-8.078673662,30.97766979
82,TAJGALTE,"-8.097185022,31.01378482,0",-8.097185022,31.01378482
83,TIKENTAFINE,"-8.037813654,30.99883154,0",-8.037813654,30.99883154
84,ALLOUSSE,"-8.525231264,31.01015155,0",-8.525231264,31.01015155
85,OUSSARTK,"-7.888659813,31.19590092,0",-7.888659813,31.19590092
86,TISSILI,"-7.908590146,31.22311679,0",-7.908590146,31.22311679
87,MAGHDIR,"-8.742511216,31.06830184,0",-8.742511216,31.06830184
88,IZIDE,"-8.971735193,30.94323187,0",-8.971735193,30.94323187
89,IBALOULENE,"-8.90367629,30.93811305,0",-8.90367629,30.93811305
90,AFELLA IZDATEN,"-8.888442672,30.9978175,0",-8.888442672,30.9978175
91,TAGENZA IGOUNTAR,"-8.807022044,31.0338402,0",-8.807022044,31.0338402
92,TANAMARTE,"-8.826939422,31.03136705,0",-8.826939422,31.03136705
93,TAOURIRTE,"-6.574053556,31.28226736,0",-6.574053556,31.28226736
94,TAMESSOULTE,"-8.488252609,31.02006195,0",-8.488252609,31.02006195
95,ARG,"-8.583847816,31.01179676,0",-8.583847816,31.01179676
96,ASSOUL,"-8.270563474,31.09124227,0",-8.270563474,31.09124227
97,IMZAINE,"-8.260691371,31.1316045,0",-8.260691371,31.1316045
98,AZENDOU,"-8.934217628,31.06170544,0",-8.934217628,31.06170544
99,MAJDID,"-8.491661558,31.11891134,0",-8.491661558,31.11891134
100,AIT IRGHIT,"-8.19238706,31.17476694,0",-8.19238706,31.17476694
101,ASSIF ZAGZAWNE,"-8.051928309,31.12024311,0",-8.051928309,31.12024311
102,TAGHBARTE,"-8.1186277,30.96766146,0",-8.1186277,30.96766146
103,TIGDIDE NIZDARENE,"-8.065643552,30.92865332,0",-8.065643552,30.92865332
104,TAGHZIRTE,"-8.046469356,30.92799191,0",-8.046469356,30.92799191
105,IJOKAKE,"-8.151115813,30.99130542,0",-8.151115813,30.99130542
106,TAMGGOUCHTE,"-7.141522835,31.15044949,0",-7.141522835,31.15044949
107,AMZZI,"-8.20384213,31.19582085,0",-8.20384213,31.19582085
108,TIKSITE,"-8.489155698,31.05817965,0",-8.489155698,31.05817965
109,AKMFARGA,"-8.921630344,30.99767676,0",-8.921630344,30.99767676
110,AGHBALOU,"-8.242517414,30.94022172,0",-8.242517414,30.94022172
111,CHIKER,"-7.720390422,31.22549755,0",-7.720390422,31.22549755
112,INA FGANE,"-8.151372916,30.9822627,0",-8.151372916,30.9822627
113,TASGA NWARG,"-8.161421348,30.97883229,0",-8.161421348,30.97883229
114,IMI NOUGARZI,"-8.163958152,31.00005896,0",-8.163958152,31.00005896
115,TARWATE,"-8.187861922,30.98759707,0",-8.187861922,30.98759707
116,TIZIRTE,"-8.187818552,31.13201448,0",-8.187818552,31.13201448
117,ASSAMRANE,"-7.591277471,31.38555915,0",-7.591277471,31.38555915
118,OURAKEN,"-7.920639689,31.27056233,0",-7.920639689,31.27056233
119,OUTGHAL,"-7.930793659,31.30550092,0",-7.930793659,31.30550092
120,TAFILALTE,"-7.713545096,31.38607287,0",-7.713545096,31.38607287
121,TIFNI,"-8.353597408,30.94153044,0",-8.353597408,30.94153044
122,IJJIKEN,"-7.905476447,31.32052027,0",-7.905476447,31.32052027
123,OUKHRIBENE,"-7.887577351,31.33126967,0",-7.887577351,31.33126967
124,TAMAHANTE,"-7.879657495,31.33328055,0",-7.879657495,31.33328055
125,AMAGDOUL,"-7.717890232,31.34680011,0",-7.717890232,31.34680011
126,TAWNGHASTE,"-8.534981297,31.06333369,0",-8.534981297,31.06333369
127,EL HADDAD,"-7.782551126,31.37667699,0",-7.782551126,31.37667699
128,AMKCHOUD,"-6.591443137,31.21359242,0",-6.591443137,31.21359242
129,TAGRAGRA,"-6.713868019,31.27692212,0",-6.713868019,31.27692212
130,TIGHIRTE TOUDOUTE,"-6.591865773,31.26670986,0",-6.591865773,31.26670986
131,TIGHFART,"-7.653835545,31.25367277,0",-7.653835545,31.25367277
132,TAKHAFSATE,"-8.063128004,31.15851028,0",-8.063128004,31.15851028
133,IGHIL,"-8.25496601,30.94903779,0",-8.25496601,30.94903779
134,AGADIR,"-8.423931441,31.11772917,0",-8.423931441,31.11772917
135,TALAT NYAKOUB,"-8.18609615,30.98264123,0",-8.18609615,30.98264123
136,AGARD NOU WARTANE,"-7.769123661,31.1898963,0",-7.769123661,31.1898963
137,TIZI OUSSAME,"-7.9738955,31.11902021,0",-7.9738955,31.11902021
138,TAHLIWINE,"-7.981495079,31.13976822,0",-7.981495079,31.13976822
139,AGADIR NIMARGHSEN,"-8.34119211,30.99428923,0",-8.34119211,30.99428923
140,AGOURGUINE,"-8.210481794,30.95938619,0",-8.210481794,30.95938619
141,BIOUGRA,"-8.85454592,31.04562362,0",-8.85454592,31.04562362
142,AIT OUAKRIM,"-8.846545392,31.0543903,0",-8.846545392,31.0543903
143,EL KATTAJARTE,"-8.858167918,31.07063878,0",-8.858167918,31.07063878
144,TAMAZGOURTE,"-8.685685303,31.04383076,0",-8.685685303,31.04383076
145,AIT BOUJMAA,"-8.222531324,30.94950981,0",-8.222531324,30.94950981
146,AIT MARGANE,"-7.664406404,31.27732256,0",-7.664406404,31.27732256
147,TIZI YANE,"-7.986185147,31.13787727,0",-7.986185147,31.13787727
148,DAR EL AASKAR,"-8.131289948,30.97208424,0",-8.131289948,30.97208424
149,AIT ALI OUBDIR,"-7.572436703,31.37038386,0",-7.572436703,31.37038386
150,AIT WAYIRRI,"-7.586704325,31.36921719,0",-7.586704325,31.36921719
151,IGHRISSE,"-7.134396853,31.29971148,0",-7.134396853,31.29971148
152,AT AGRALIOUNE,"-6.558645635,31.23697078,0",-6.558645635,31.23697078
153,TIZI OUSSOUL,"-8.271719531,31.08633853,0",-8.271719531,31.08633853
154,INFAGUE,"-8.258189743,31.14683124,0",-8.258189743,31.14683124
155,AYNAGHDE,"-8.264684467,31.13651009,0",-8.264684467,31.13651009
156,TIMICHI,"-7.768290383,31.19409736,0",-7.768290383,31.19409736
157,IMIN TADERTE,"-7.666196613,31.25052962,0",-7.666196613,31.25052962
158,TIL IWA,"-8.498261502,31.15189144,0",-8.498261502,31.15189144
159,AMASGUINE,"-8.093673278,31.13138194,0",-8.093673278,31.13138194
160,AGADIR NAIT SLIMANE,"-7.790425723,31.37275221,0",-7.790425723,31.37275221
161,AGHALLA,"-8.379023522,31.00149934,0",-8.379023522,31.00149934
162,WIZAMMARNE,"-8.424340636,30.89790753,0",-8.424340636,30.89790753
163,DOU ANAMAR,"-8.25663632,31.14251934,0",-8.25663632,31.14251934
164,ADOUZE,"-8.265609154,31.12606139,0",-8.265609154,31.12606139
165,TINZARTE,"-8.008483393,31.19039234,0",-8.008483393,31.19039234
166,IMITAZAKHTE,"-6.679107629,31.28762664,0",-6.679107629,31.28762664
167,ANZELFI,"-8.54142639,31.0428742,0",-8.54142639,31.0428742
168,IMIRGHENE,"-7.274854704,31.24935118,0",-7.274854704,31.24935118
169,IMAGDAL,"-8.119632896,31.12302789,0",-8.119632896,31.12302789
170,TAWITE,"-8.075970003,31.09290085,0",-8.075970003,31.09290085
171,AMLOUGUI,"-7.649426842,31.23570758,0",-7.649426842,31.23570758
172,TASAMOUTE,"-8.109871191,31.02576739,0",-8.109871191,31.02576739
173,AMSSED,"-8.311672788,30.93709876,0",-8.311672788,30.93709876
174,ANFGAYNE,"-7.694702248,31.231803,0",-7.694702248,31.231803
175,TAGADIRTE,"-8.701881729,31.10208624,0",-8.701881729,31.10208624
176,ZINIT LALLA AAZIZA,"-8.700591256,31.0812321,0",-8.700591256,31.0812321
177,TAMTDJIT,"-8.655328517,31.05886225,0",-8.655328517,31.05886225
178,AIT IHLA,"-8.361156722,31.11029123,0",-8.361156722,31.11029123
179,TLATE,"-8.35817683,31.10664588,0",-8.35817683,31.10664588
180,WINIMADSEN,"-7.48798433,31.30994744,0",-7.48798433,31.30994744
181,ASSOULE,"-8.285985146,30.92565576,0",-8.285985146,30.92565576
182,WASSANTOTE,"-8.18424076,31.09273558,0",-8.18424076,31.09273558
183,AIT AYOUBE,"-8.022010242,30.99507123,0",-8.022010242,30.99507123
184,TAGNITE,"-8.675968143,31.04095368,0",-8.675968143,31.04095368
185,TADDARTE,"-7.979404181,31.14226911,0",-7.979404181,31.14226911
186,,"-8.167152366,30.99464682,0",-8.167152366,30.99464682
187,ADRAG,"-8.253195535,30.97733592,0",-8.253195535,30.97733592
188,ANABDOUR,"-8.244241981,30.97126033,0",-8.244241981,30.97126033
189,MZOUZITE,"-8.243059132,30.96860948,0",-8.243059132,30.96860948
190,AIT BARRIHI,"-8.195323317,30.99222315,0",-8.195323317,30.99222315
191,ALANOU MAZGHNI,"-8.123760765,31.02343567,0",-8.123760765,31.02343567
192,IGRAMNE-IMI NOUAKA,"-6.121369893,31.45712817,0",-6.121369893,31.45712817
193,IGRI FOUDENE,"-7.718579809,31.29225575,0",-7.718579809,31.29225575
194,AKRDA,"-8.040496688,30.99251415,0",-8.040496688,30.99251415
195,AIT MOUSSA,"-8.046781385,30.98907614,0",-8.046781385,30.98907614
196,TIGHARGHISTE,"-8.061533719,30.99127805,0",-8.061533719,30.99127805
197,ASSAKA,"-7.673208952,31.36643128,0",-7.673208952,31.36643128
198,TIZANGHIRINE,"-9.003674741,30.99520662,0",-9.003674741,30.99520662
199,ANARNI,"-8.316482209,31.11751002,0",-8.316482209,31.11751002
200,AZGOUR,"-8.312961466,31.13806145,0",-8.312961466,31.13806145
201,TAGOUDJA,"-7.510471158,31.37311654,0",-7.510471158,31.37311654
202,AIT TAGGOUME,"-7.523740779,31.36439845,0",-7.523740779,31.36439845
203,ADOUZ,"-8.435303451,30.91718644,0",-8.435303451,30.91718644
204,ASSOUL,"-8.350141876,30.90541249,0",-8.350141876,30.90541249
205,TADRART,"-7.734595102,31.207539,0",-7.734595102,31.207539
206,AGARD,"-7.648576947,31.27464029,0",-7.648576947,31.27464029
207,ASSAKA CHORFA,"-9.002771254,30.89973399,0",-9.002771254,30.89973399
208,ISLI,"-9.017260332,30.94970088,0",-9.017260332,30.94970088
209,TINDRI,"-8.60659665,31.00737725,0",-8.60659665,31.00737725
210,IGARNTIQURI,"-8.556631674,31.03931448,0",-8.556631674,31.03931448
211,IGRI NAIT HAMOU,"-7.714289853,31.28922589,0",-7.714289853,31.28922589
212,IMI NOUAGUE,"-6.507219911,31.31164693,0",-6.507219911,31.31164693
213,IMAOUNINE,"-7.241029231,31.28750314,0",-7.241029231,31.28750314
214,IHANDAGHENE,"-7.268670136,31.27913073,0",-7.268670136,31.27913073
215,TARGA,"-8.062095344,31.08941826,0",-8.062095344,31.08941826
216,TIGMATINE,"-8.871173133,31.09140265,0",-8.871173133,31.09140265
217,TAJOUGJITE,"-7.142724853,31.22045065,0",-7.142724853,31.22045065
218,IDAISSA,"-7.976416621,31.13454988,0",-7.976416621,31.13454988
219,IMIN IGHZARN AISSA,"-8.578943436,31.01448801,0",-8.578943436,31.01448801
220,TIMCHOUJTE,"-7.244350955,31.31050637,0",-7.244350955,31.31050637
221,TISSAYNE,"-8.934728699,31.06655367,0",-8.934728699,31.06655367
222,TAFRAOUTE,"-7.353618262,31.33674876,0",-7.353618262,31.33674876
223,AIT AOUASSI,"-7.349719343,31.33044408,0",-7.349719343,31.33044408
224,AGHBARANE,"-8.221073745,30.93873929,0",-8.221073745,30.93873929
225,AIT HSSAYNE,"-8.204087436,31.1389183,0",-8.204087436,31.1389183
226,TAGADIRTE NSIDI BEL QAS,"-7.767797703,31.25054841,0",-7.767797703,31.25054841
227,TISSILI NIGUADJI,"-7.693606161,31.40108034,0",-7.693606161,31.40108034
228,IZRAFEN,"-7.48918297,31.37080542,0",-7.48918297,31.37080542
229,ALLA NOUMARZI,"-8.157178044,30.97631353,0",-8.157178044,30.97631353
230,ASSAKA,"-7.134585047,31.21211585,0",-7.134585047,31.21211585
231,ANMITER,"-7.139775998,31.29199649,0",-7.139775998,31.29199649
232,TIMICHA,"-6.561634821,31.28603622,0",-6.561634821,31.28603622
233,EL HRTE,"-6.575098237,31.26301918,0",-6.575098237,31.26301918
234,ABGALZI,"-7.145792711,31.28018313,0",-7.145792711,31.28018313
235,IRGHEF,"-7.707368088,31.28349504,0",-7.707368088,31.28349504
236,AGNI,"-8.205291681,30.95571866,0",-8.205291681,30.95571866
237,TOUZZONTANE,"-8.212883175,30.95485707,0",-8.212883175,30.95485707
238,TIZI OU CHEG,"-7.676960537,31.28703604,0",-7.676960537,31.28703604
239,TOUROURTE,"-8.056901283,31.16782859,0",-8.056901283,31.16782859
240,AGUERZGA,"-6.119495917,31.49592185,0",-6.119495917,31.49592185
241,AOUSSIR,"-8.881594834,31.07956008,0",-8.881594834,31.07956008
242,ANSSA,"-8.492597726,30.98931298,0",-8.492597726,30.98931298
243,AWRIR,"-7.622404978,31.35916276,0",-7.622404978,31.35916276
244,WIGRANE,"-7.660595608,31.25863387,0",-7.660595608,31.25863387
245,ANRAZE,"-8.065444555,31.17173905,0",-8.065444555,31.17173905
246,AMESLOH,"-8.476795995,30.99161301,0",-8.476795995,30.99161301
247,TADDARATE,"-8.47021036,31.00998295,0",-8.47021036,31.00998295
248,TIGNARINE,"-8.480516854,31.10976709,0",-8.480516854,31.10976709
249,TIDRITE,"-5.842127606,31.64396077,0",-5.842127606,31.64396077
250,TARBAT,"-6.462074345,31.36227777,0",-6.462074345,31.36227777
251,TILFITINE,"-8.277117657,31.11776133,0",-8.277117657,31.11776133
252,TALAT NWARGUE,"-8.263895065,31.10196698,0",-8.263895065,31.10196698
253,TAGADIRTE EL BOOR,"-8.102563032,31.1560508,0",-8.102563032,31.1560508
254,TIZGUI,"-8.482122674,31.08812898,0",-8.482122674,31.08812898
255,IFAZDADNE,"-8.305709411,30.90635243,0",-8.305709411,30.90635243
256,AZAGHAR NADWAQ,"-8.065171121,31.12666314,0",-8.065171121,31.12666314
257,ILKRI,"-7.680245366,31.2246257,0",-7.680245366,31.2246257
258,IMASKARE,"-8.887233104,31.04004434,0",-8.887233104,31.04004434
259,BOUYZGARNE,"-7.71194699,31.24320063,0",-7.71194699,31.24320063
260,AGHELLA,"-8.863216279,31.08876411,0",-8.863216279,31.08876411
261,TALATANE,"-7.780461806,31.24592653,0",-7.780461806,31.24592653
262,IGRI LAKHMASS,"-7.775336615,31.27872173,0",-7.775336615,31.27872173
263,IZAHANE,"-7.657292989,31.27715731,0",-7.657292989,31.27715731
264,TIZGUI,"-8.177063418,31.18367261,0",-8.177063418,31.18367261
265,IGG,"-8.424342966,30.91197724,0",-8.424342966,30.91197724
266,IDGHAGHE,"-7.526584836,30.7003679,0",-7.526584836,30.7003679
267,KSAR AIT OUNIR,"-5.811146752,31.70253532,0",-5.811146752,31.70253532
268,AMASSINE,"-6.509539818,31.41636243,0",-6.509539818,31.41636243
269,TAOUJGALTE,"-6.34405063,31.39520221,0",-6.34405063,31.39520221
270,TARGA NAADA,"-6.503814061,31.26888738,0",-6.503814061,31.26888738
271,AGOUNSANE,"-7.800232094,31.34798036,0",-7.800232094,31.34798036
272,TINZARE,"-6.624488168,31.31027386,0",-6.624488168,31.31027386
273,AGRALIOUNE,"-6.555343101,31.22680537,0",-6.555343101,31.22680537
274,TAKOUCHT,"-7.819242968,31.28802923,0",-7.819242968,31.28802923
275,ANRAR,"-7.7767339,31.35555849,0",-7.7767339,31.35555849
276,TIMICHA,"-7.63908262,31.11996205,0",-7.63908262,31.11996205
277,AZALAGUE,"-7.641372612,31.12128054,0",-7.641372612,31.12128054
278,AIT IAZZA,"-5.777975403,31.78833057,0",-5.777975403,31.78833057
279,TIGHANIMINE,"-6.132570734,31.52703232,0",-6.132570734,31.52703232
280,TOURCHT,"-7.634188719,31.24043522,0",-7.634188719,31.24043522
281,TAROZOTE,"-7.502136185,31.36823721,0",-7.502136185,31.36823721
282,IHIYALEN,"-7.517931412,31.38141983,0",-7.517931412,31.38141983
283,AMSKARE-FOUKANI,"-6.266939777,31.50218915,0",-6.266939777,31.50218915
284,AIT BARKA,"-7.659018163,31.23353635,0",-7.659018163,31.23353635
285,IHOUDIGUENE,"-5.782133016,31.79529304,0",-5.782133016,31.79529304
286,IKIS,"-8.394850979,30.92661821,0",-8.394850979,30.92661821
287,OUDDIF,"-8.304477477,30.9976719,0",-8.304477477,30.9976719
288,ARG,"-8.269316678,30.90817692,0",-8.269316678,30.90817692
289,IGROUKA,"-7.641844734,31.37701613,0",-7.641844734,31.37701613
290,ASGUINE,"-7.761773298,31.3366744,0",-7.761773298,31.3366744
291,ANINS,"-7.692906923,31.31879063,0",-7.692906923,31.31879063
292,IMINTGHLI,"-8.801087341,31.09106256,0",-8.801087341,31.09106256
293,IKISS,"-7.507785488,31.32512731,0",-7.507785488,31.32512731
294,CHAABAT ELMA,"-7.787736965,31.3720564,0",-7.787736965,31.3720564
295,TILIOUINE,"-6.562538396,31.29226808,0",-6.562538396,31.29226808
296,AZADALE,"-6.601113902,31.31452611,0",-6.601113902,31.31452611
297,BOUDJAME,"-5.783355194,31.77381534,0",-5.783355194,31.77381534
298,TAMSSLITE,"-6.460035903,31.43563737,0",-6.460035903,31.43563737
299,INKZDAME,"-8.004535496,31.00475544,0",-8.004535496,31.00475544
300,ATKI,"-8.032025678,30.9931675,0",-8.032025678,30.9931675
301,OURMARE,"-8.252416876,31.08642563,0",-8.252416876,31.08642563
302,TAMZARITE,"-6.547114664,31.41003957,0",-6.547114664,31.41003957
303,LAMKIK,"-6.443690553,31.37387911,0",-6.443690553,31.37387911
304,ASSAKA,"-6.432129548,31.39334157,0",-6.432129548,31.39334157
305,TIZGUI,"-6.476920363,31.40622175,0",-6.476920363,31.40622175
306,ASSAKA,"-6.483024781,31.41801641,0",-6.483024781,31.41801641
307,TADAFALTE,"-8.321145313,30.97903581,0",-8.321145313,30.97903581
308,TAGADIRTE,"-8.310292123,30.98004249,0",-8.310292123,30.98004249
309,TAMZANDIRT,"-7.751230364,31.33215256,0",-7.751230364,31.33215256
310,ANMID,"-7.607920302,30.85848983,0",-7.607920302,30.85848983
311,AZAL,"-8.264922194,30.94655686,0",-8.264922194,30.94655686
312,IMALLAHNE,"-7.672856622,31.3860914,0",-7.672856622,31.3860914
313,AMJGAGE,"-6.209971614,31.45239865,0",-6.209971614,31.45239865
314,TAGDOURT,"-7.620397609,30.84283446,0",-7.620397609,30.84283446
315,TALJORFTE,"-7.728949362,31.30692128,0",-7.728949362,31.30692128
316,AIT IGHMOURE,"-7.538210307,30.70168846,0",-7.538210307,30.70168846
317,AGRD NOUZROU,"-6.558541747,31.28850738,0",-6.558541747,31.28850738
318,AMOUGAR,"-5.846609784,31.62470485,0",-5.846609784,31.62470485
319,AIT QUALLA,"-7.656339369,30.90544675,0",-7.656339369,30.90544675
320,AL MDOUNE,"-6.20235902,31.42763569,0",-6.20235902,31.42763569
321,ZRIJT,"-8.441443251,30.91375831,0",-8.441443251,30.91375831
322,TANAMMARE,"-8.398497315,30.9107806,0",-8.398497315,30.9107806
323,AIT HSSAINE,"-8.151179364,31.20399903,0",-8.151179364,31.20399903
324,TICHKI,"-7.629171133,31.34976701,0",-7.629171133,31.34976701
325,TEZ GUI,"-8.039204879,31.07330568,0",-8.039204879,31.07330568
326,AIT YAAZZA,"-5.887769437,31.68758446,0",-5.887769437,31.68758446
327,TICHKI,"-6.305032532,31.50476453,0",-6.305032532,31.50476453
328,AIT MOUSSA OU DAOUD,"-6.296860707,31.41044965,0",-6.296860707,31.41044965
329,AIT TOUKHSSINE,"-5.792466322,31.77932095,0",-5.792466322,31.77932095
330,,"-5.822449187,31.69079439,0",-5.822449187,31.69079439
331,AMSSKAR,"-6.38208111,31.44339569,0",-6.38208111,31.44339569
332,TITADRI,"-7.330541129,31.37025263,0",-7.330541129,31.37025263
333,IGUINE,"-7.649034385,31.37278854,0",-7.649034385,31.37278854
334,ZAOUIT,"-8.195121207,31.19290153,0",-8.195121207,31.19290153
335,TIMSLAH,"-8.341765942,31.00029908,0",-8.341765942,31.00029908
336,TABOUYDANTE,"-5.876448445,31.68864413,0",-5.876448445,31.68864413
337,KSSAR AIT BOU YAKNIFENE,"-5.880910957,31.68190672,0",-5.880910957,31.68190672
338,CENTRE MSEMRIR,"-5.819558695,31.69511553,0",-5.819558695,31.69511553
339,ZAOUITE,"-7.522361715,31.35499748,0",-7.522361715,31.35499748
340,TIZI TIGARTE,"-8.303259489,30.99599767,0",-8.303259489,30.99599767
341,AIT ALIOU YAKKOU,"-5.763268987,31.83493978,0",-5.763268987,31.83493978
342,TANAGHRAMT,"-7.879417183,30.90181545,0",-7.879417183,30.90181545
343,TIMYALINE,"-7.880210879,30.90518988,0",-7.880210879,30.90518988
344,ANZI,"-8.197385544,30.83917524,0",-8.197385544,30.83917524
345,TIFSSTE,"-7.132420159,31.11779137,0",-7.132420159,31.11779137
346,TAOURIRTE NAIT SALAH,"-8.290143915,30.97411976,0",-8.290143915,30.97411976
347,TASSILA,"-8.266727192,30.97711903,0",-8.266727192,30.97711903
348,AIT MOUSSA OU ICHOU,"-5.747017292,31.83553539,0",-5.747017292,31.83553539
349,ABRACHE,"-6.681216456,31.25899907,0",-6.681216456,31.25899907
350,AIT SAID OU DAOUD,"-5.888790157,31.57765321,0",-5.888790157,31.57765321
351,AGARZAGA,"-6.882608642,31.21876174,0",-6.882608642,31.21876174
352,ASSAISS,"-7.609851014,30.57216873,0",-7.609851014,30.57216873
353,TINIDER,"-7.666679065,30.61749972,0",-7.666679065,30.61749972
354,IMOUZZAR,"-7.384296298,31.32519478,0",-7.384296298,31.32519478
355,GHASSAT,"-8.335186603,30.99921225,0",-8.335186603,30.99921225
356,IMOULDIGHENE,"-7.959453166,30.95113726,0",-7.959453166,30.95113726
357,,"-7.527966123,30.61390767,0",-7.527966123,30.61390767
358,AIT TOUMERT,"-6.243369405,31.41574114,0",-6.243369405,31.41574114
359,IGUENTOURNE,"-8.938717662,30.6912082,0",-8.938717662,30.6912082
360,AMAGDOUL,"-8.925222424,30.66929851,0",-8.925222424,30.66929851
361,TIMSSALE,"-6.694552474,31.23457144,0",-6.694552474,31.23457144
362,TAGADIRTE AIT WAHI,"-7.947583505,30.9210867,0",-7.947583505,30.9210867
363,TAGHIYA,"-6.808894536,31.26166383,0",-6.808894536,31.26166383
364,TIGLIANE,"-8.89478025,30.72539073,0",-8.89478025,30.72539073
365,TAGADIRET,"-8.886693656,30.72955695,0",-8.886693656,30.72955695
366,TAGNIT,"-8.199316694,30.87943334,0",-8.199316694,30.87943334
367,ASGAWR,"-7.756406851,30.71787208,0",-7.756406851,30.71787208
368,AIT TABOU LMANTE,"-5.864282929,31.68225821,0",-5.864282929,31.68225821
369,AIT TAFKIRTE,"-5.799661316,31.74693731,0",-5.799661316,31.74693731
370,TAWRIRT,"-8.203877152,30.88183484,0",-8.203877152,30.88183484
371,TILIOUINE,"-6.987594943,31.25630831,0",-6.987594943,31.25630831
372,AGDIME,"-6.853643978,31.30609377,0",-6.853643978,31.30609377
373,EL HOUANTE,"-6.85985786,31.2648211,0",-6.85985786,31.2648211
374,ZAOUTE,"-7.945659986,30.97287352,0",-7.945659986,30.97287352
375,TAMMASTE,"-7.662227195,31.05596146,0",-7.662227195,31.05596146
376,AIT BEN HAMMOU,"-5.89440563,31.57443673,0",-5.89440563,31.57443673
377,AWFOUR,"-8.848306639,30.75556169,0",-8.848306639,30.75556169
378,WALLOUSS,"-7.764813203,30.75665998,0",-7.764813203,30.75665998
379,,"-5.800934219,31.74152475,0",-5.800934219,31.74152475
380,TASSALLATE,"-7.627445074,31.3775513,0",-7.627445074,31.3775513
381,IKAMACHENE,"-8.881199254,30.72921941,0",-8.881199254,30.72921941
382,AGHALLA,"-7.8837366,30.89122112,0",-7.8837366,30.89122112
383,TANAJMCHT,"-8.151772777,30.85684235,0",-8.151772777,30.85684235
384,AIT DAOUD,"-6.26684104,31.40875615,0",-6.26684104,31.40875615
385,AMSKARE-ELTHTANI,"-6.230746416,31.4875726,0",-6.230746416,31.4875726
386,TAGHZOUTE,"-5.809855758,31.72648804,0",-5.809855758,31.72648804
387,ZAOUIAT SIDI IDDAR,"-7.69174931,31.06980356,0",-7.69174931,31.06980356
388,TAMGUIMGANTE,"-7.381864596,31.34207263,0",-7.381864596,31.34207263
389,IMIDER,"-6.686775913,31.21099313,0",-6.686775913,31.21099313
390,EL KERRAKER,"-8.454871666,30.68850249,0",-8.454871666,30.68850249
391,TAMDDAKHTE,"-7.144840326,31.08841797,0",-7.144840326,31.08841797
392,ASKAWN,"-7.78182368,30.74016769,0",-7.78182368,30.74016769
393,IMAGHOUDENEJ,"-7.682126165,31.06082178,0",-7.682126165,31.06082178
394,BAAKADE,"-7.685716157,31.05355428,0",-7.685716157,31.05355428
395,ANSSGHA,"-7.199113119,31.13741376,0",-7.199113119,31.13741376
396,SDIW,"-8.235739081,30.81751283,0",-8.235739081,30.81751283
397,AOUZLIDA,"-8.908769399,30.71410763,0",-8.908769399,30.71410763
398,TANOUZAKTE,"-8.819116057,30.9100969,0",-8.819116057,30.9100969
399,TANDILTE,"-8.007614533,30.85936924,0",-8.007614533,30.85936924
400,TIZGUI NIBARAGHNE,"-7.945922161,30.90710765,0",-7.945922161,30.90710765
401,ANMITERE,"-7.904631515,30.99124262,0",-7.904631515,30.99124262
402,AIT SAWAL,"-8.197984999,30.88738233,0",-8.197984999,30.88738233
403,BOUGADIR,"-8.630610581,30.70615098,0",-8.630610581,30.70615098
404,MEZDOURT,"-7.800690578,30.71758595,0",-7.800690578,30.71758595
405,TIFKILTE,"-7.921046416,30.88452468,0",-7.921046416,30.88452468
406,TAZIRTE,"-8.775818842,30.87767967,0",-8.775818842,30.87767967
407,TESSFFEDRARTE,"-7.645428403,30.57160162,0",-7.645428403,30.57160162
408,AIT AICHT,"-7.621116272,30.55955648,0",-7.621116272,30.55955648
409,TISSLITE,"-7.597444479,30.55429253,0",-7.597444479,30.55429253
410,FERME AIT YOUB EL AOUMARI HAJ Med,"-8.415410138,30.68949467,0",-8.415410138,30.68949467
411,IDGOU WANOUDINE,"-7.830881041,31.02212679,0",-7.830881041,31.02212679
412,AIT ABDESSLAM,"-5.808145999,31.75516944,0",-5.808145999,31.75516944
413,,"-5.802036392,31.73764392,0",-5.802036392,31.73764392
414,TIZGUINE,"-5.869412138,31.59690225,0",-5.869412138,31.59690225
415,TALMODAT,"-8.569451299,30.86561961,0",-8.569451299,30.86561961
416,AKHFERGA,"-8.832855006,30.87295993,0",-8.832855006,30.87295993
417,AIT IBOURK,"-8.327818985,30.85038146,0",-8.327818985,30.85038146
418,TAKALIT,"-8.329152945,30.84511839,0",-8.329152945,30.84511839
419,TIZIRTNOUDBDI,"-8.472046968,30.84961712,0",-8.472046968,30.84961712
420,AGUERD OURIGH,"-8.582792805,30.79763493,0",-8.582792805,30.79763493
421,TIGHINMIMT,"-8.584455427,30.79324401,0",-8.584455427,30.79324401
422,TIZA-YRHE,"-8.595599282,30.79109193,0",-8.595599282,30.79109193
423,AL KHOUMS,"-8.579016064,30.82294241,0",-8.579016064,30.82294241
424,RKAT,"-7.816862779,30.7878928,0",-7.816862779,30.7878928
425,AIT OUZAGHAR,"-7.791460939,30.81381739,0",-7.791460939,30.81381739
426,ANNOUMSSE,"-8.788839295,30.87556701,0",-8.788839295,30.87556701
427,IGHAZRA,"-8.643017916,30.74872935,0",-8.643017916,30.74872935
428,TIRAZAT,"-8.595247967,30.75262692,0",-8.595247967,30.75262692
429,IMINTFARKI,"-8.618869079,30.75029522,0",-8.618869079,30.75029522
430,AIT BELOUAH,"-8.752385605,30.65092821,0",-8.752385605,30.65092821
431,ARG,"-8.955168704,30.80643911,0",-8.955168704,30.80643911
432,TAOURIRTE IMOUCHA,"-8.867737505,30.86905652,0",-8.867737505,30.86905652
433,ASSAKA,"-8.91282953,30.8971422,0",-8.91282953,30.8971422
434,AGLAGAL,"-7.76476813,30.69129018,0",-7.76476813,30.69129018
435,AGUERD NOUDRAR,"-7.757166229,30.69023965,0",-7.757166229,30.69023965
436,TAKOUCHT,"-8.603375344,30.77826858,0",-8.603375344,30.77826858
437,TATRARAT,"-6.435979226,31.37640463,0",-6.435979226,31.37640463
438,IKOUCHOUDEN,"-7.810788121,30.77672478,0",-7.810788121,30.77672478
439,ILEMERZEN,"-7.823503006,30.80488341,0",-7.823503006,30.80488341
440,OUZLINE,"-7.28147163,31.30065138,0",-7.28147163,31.30065138
441,IGHILAN ADBDI,"-8.484478269,30.83504176,0",-8.484478269,30.83504176
442,IMI NOULAOUNE,"-6.506134637,31.37691833,0",-6.506134637,31.37691833
443,FARNAT TAOUINAKHT,"-8.485791943,30.77488045,0",-8.485791943,30.77488045
444,TINISKTE,"-8.144569317,31.113591,0",-8.144569317,31.113591
445,ADOUZ,"-8.183960487,30.86197654,0",-8.183960487,30.86197654
446,AIT YAHIA,"-8.257623929,30.84433189,0",-8.257623929,30.84433189
447,TALBOURINE,"-8.421629944,30.80069862,0",-8.421629944,30.80069862
448,AZAENE,"-8.610499678,30.70795003,0",-8.610499678,30.70795003
449,TAZELFTE,"-7.147408952,31.09841069,0",-7.147408952,31.09841069
450,AGUERD,"-8.762439227,30.77371202,0",-8.762439227,30.77371202
451,TAGANTOURTE,"-8.759656094,30.79795227,0",-8.759656094,30.79795227
452,IMOULASS,"-8.754958456,30.74281282,0",-8.754958456,30.74281282
453,TIRAKHT,"-8.755493446,30.73671007,0",-8.755493446,30.73671007
454,ASDERM,"-8.38636388,30.76145258,0",-8.38636388,30.76145258
455,OUZIGHIMT,"-8.588565128,30.77712713,0",-8.588565128,30.77712713
456,IFASFASS,"-8.63714647,30.74690271,0",-8.63714647,30.74690271
457,IGHEBLI,"-7.932619008,30.90228266,0",-7.932619008,30.90228266
458,TAGOUNSSIM,"-8.549138911,30.70883558,0",-8.549138911,30.70883558
459,IMOUREKHSANE,"-7.865672085,30.9169487,0",-7.865672085,30.9169487
460,AMGUERNIS,"-8.553794608,30.86876174,0",-8.553794608,30.86876174
461,TITBIRINE,"-8.554268198,30.86437507,0",-8.554268198,30.86437507
462,AGARDE,"-8.182037107,31.1332386,0",-8.182037107,31.1332386
463,AIT AMLOUCHE,"-5.811800541,31.74495977,0",-5.811800541,31.74495977
464,AIT OUAATIK,"-5.800731952,31.75635665,0",-5.800731952,31.75635665
465,IFRANE,"-8.820574903,30.75352712,0",-8.820574903,30.75352712
466,,"-8.766850821,30.72686082,0",-8.766850821,30.72686082
467,AGUERD OUSGUINE,"-8.767145739,30.73643085,0",-8.767145739,30.73643085
468,TAMSOULT,"-7.942552746,30.96699576,0",-7.942552746,30.96699576
469,TASSOUANTE,"-7.937216627,30.97408784,0",-7.937216627,30.97408784
470,ALMDAD,"-8.310710124,30.76448039,0",-8.310710124,30.76448039
471,TAMIJARCHT,"-8.302608514,30.7914501,0",-8.302608514,30.7914501
472,AMGHAZ,"-8.317951789,30.77429776,0",-8.317951789,30.77429776
473,AIT OUMGHAR,"-8.884564933,30.73201756,0",-8.884564933,30.73201756
474,TANZINRIT,"-8.513195119,30.75180242,0",-8.513195119,30.75180242
475,,"-8.541490603,30.7364508,0",-8.541490603,30.7364508
476,IGOURZANE,"-7.818114538,30.81078939,0",-7.818114538,30.81078939
477,TIRKNIT,"-8.45009892,30.82258425,0",-8.45009892,30.82258425
478,BUREAU DES EAUX ET FORETS,"-8.4455527,30.68231957,0",-8.4455527,30.68231957
479,FERMAT EL FASSI PRES DU DOUAR OULAD AMRANE,"-8.452421991,30.66732962,0",-8.452421991,30.66732962
480,TALMOUDAAT,"-7.806956411,30.89324192,0",-7.806956411,30.89324192
481,TIZGUI,"-7.806830274,30.90103568,0",-7.806830274,30.90103568
482,ZAOUIAT BOU INCHIBIKENE,"-8.54941558,30.70032408,0",-8.54941558,30.70032408
483,INDARMASS,"-8.54220451,30.7221921,0",-8.54220451,30.7221921
484,TIKFELT,"-8.722743606,30.76342809,0",-8.722743606,30.76342809
485,IDWAMGHAR,"-7.820295831,30.80721099,0",-7.820295831,30.80721099
486,TARGA,"-7.932835889,30.97202419,0",-7.932835889,30.97202419
487,AZAR,"-8.965981567,30.8325616,0",-8.965981567,30.8325616
488,AMSKRAR,"-8.344054924,30.82712525,0",-8.344054924,30.82712525
489,,"-8.648334951,30.68129831,0",-8.648334951,30.68129831
490,WAWARG,"-7.923174319,30.98241656,0",-7.923174319,30.98241656
491,TISSWAIK,"-7.730897189,30.8234764,0",-7.730897189,30.8234764
492,AGDZ,"-7.815615943,30.74139918,0",-7.815615943,30.74139918
493,AIT TOUGDA,"-7.790395185,30.80279245,0",-7.790395185,30.80279245
494,AIT TIYOUGA,"-8.393363749,30.84861434,0",-8.393363749,30.84861434
495,TADMANTE,"-7.784747386,30.76229142,0",-7.784747386,30.76229142
496,TALMERSELTE,"-7.813176069,31.00818682,0",-7.813176069,31.00818682
497,IZAROUALENE,"-8.871658014,30.73576255,0",-8.871658014,30.73576255
498,ITORRA,"-8.956211539,30.7455058,0",-8.956211539,30.7455058
499,TANOUTE,"-8.834599707,30.90320047,0",-8.834599707,30.90320047
500,AIT DDYA,"-7.574460469,30.57790584,0",-7.574460469,30.57790584
501,TIMITARE,"-7.850853086,30.78919204,0",-7.850853086,30.78919204
502,AIT HAMMOU,"-5.903878302,31.56838855,0",-5.903878302,31.56838855
503,TILLOUTE,"-5.85176342,31.6234145,0",-5.85176342,31.6234145
504,TAMANNOUT NOUFELLA,"-7.603880345,30.60415703,0",-7.603880345,30.60415703
505,AIT AMRANE,"-7.578220237,30.59381345,0",-7.578220237,30.59381345
506,AGOULZI,"-7.572403098,30.58983434,0",-7.572403098,30.58983434
507,AGUERD NOUZAGHAR,"-7.820739744,30.82955591,0",-7.820739744,30.82955591
508,AMAZZER,"-7.81893493,30.84133263,0",-7.81893493,30.84133263
509,AIT MERHOUCH,"-8.438238369,30.80710931,0",-8.438238369,30.80710931
510,TAGUENZA,"-8.807073414,30.87551007,0",-8.807073414,30.87551007
511,IGHIL,"-8.81733012,30.7610419,0",-8.81733012,30.7610419
512,AIT IFRANE,"-8.884265911,30.73589552,0",-8.884265911,30.73589552
513,IKISS,"-7.889390228,30.95270649,0",-7.889390228,30.95270649
514,AGADIR,"-7.8368164,31.01085191,0",-7.8368164,31.01085191
515,ILEMSSANE,"-7.836797742,30.81324563,0",-7.836797742,30.81324563
516,ID WASKIOUIDE,"-7.785849147,30.75382085,0",-7.785849147,30.75382085
517,TAWARDA,"-8.118515403,30.86703651,0",-8.118515403,30.86703651
518,TAKHAZNIT,"-8.620628211,30.77263308,0",-8.620628211,30.77263308
519,TAGOUNITE AFEKHAR,"-7.836808851,30.98972237,0",-7.836808851,30.98972237
520,AIT BEN YOUSSEF,"-8.605889427,30.66959105,0",-8.605889427,30.66959105
521,AKOUCHTIM,"-7.735235669,30.81551173,0",-7.735235669,30.81551173
522,IKACHANEN,"-8.8459234,30.93416814,0",-8.8459234,30.93416814
523,TIKCHIDERNE,"-7.766870029,31.03412592,0",-7.766870029,31.03412592
524,TALOUSTE,"-7.494700542,30.63500691,0",-7.494700542,30.63500691
525,WAWDIRNAT,"-8.431702241,30.80227715,0",-8.431702241,30.80227715
526,AMMADDANS,"-8.239451146,30.81262803,0",-8.239451146,30.81262803
527,TAMSOULTE,"-7.766640775,31.03257926,0",-7.766640775,31.03257926
528,AIT SADDEN,"-7.641380906,30.60288001,0",-7.641380906,30.60288001
529,TALAIOUNINE,"-8.754866761,30.66771507,0",-8.754866761,30.66771507
530,AIT MAADE,"-7.92230646,30.87650864,0",-7.92230646,30.87650864
531,TINSAMLAL,"-8.219098098,30.88172457,0",-8.219098098,30.88172457
532,AGNI,"-8.973937105,30.77574828,0",-8.973937105,30.77574828
533,TAMJJIRCHT,"-7.78243101,30.80973959,0",-7.78243101,30.80973959
534,ARMD,"-8.44233477,30.81919047,0",-8.44233477,30.81919047
535,AFELLA NOUZEGROUZE,"-8.027801881,30.86409957,0",-8.027801881,30.86409957
536,ARGHANE,"-8.204435538,30.88465368,0",-8.204435538,30.88465368
537,TAFILALT,"-8.976056085,30.79583021,0",-8.976056085,30.79583021
538,ADGHIGH,"-7.788831091,30.71192424,0",-7.788831091,30.71192424
539,OULAD AMER BEN ALI,"-8.513929646,30.62833394,0",-8.513929646,30.62833394
540,SIDI JAAFAR,"-6.523482797,31.26094675,0",-6.523482797,31.26094675
541,MGOUNTE,"-8.878252894,30.85004941,0",-8.878252894,30.85004941
542,AIT DAOUD,"-8.606458577,30.67650199,0",-8.606458577,30.67650199
543,BOUZOUGGAR,"-8.521814335,30.75193169,0",-8.521814335,30.75193169
544,AGOUJGALE,"-8.837669225,30.95456154,0",-8.837669225,30.95456154
545,TISSALE,"-8.626809086,30.85858292,0",-8.626809086,30.85858292
546,AMANE N-OULILI,"-8.336798501,30.76581498,0",-8.336798501,30.76581498
547,ANROZ,"-7.770804497,30.79985099,0",-7.770804497,30.79985099
548,TALMESTE,"-7.766250524,31.02173797,0",-7.766250524,31.02173797
549,OULAD AMRANE,"-8.426711211,30.67771642,0",-8.426711211,30.67771642
550,AFENSSOU,"-8.783648105,30.7070996,0",-8.783648105,30.7070996
551,MAGAT,"-8.416312875,30.85561983,0",-8.416312875,30.85561983
552,IFGHI,"-8.420335107,30.83778853,0",-8.420335107,30.83778853
553,AGUELMOUSSE,"-7.407680932,31.26484514,0",-7.407680932,31.26484514
554,AMAGHLOU,"-8.658584896,30.83817677,0",-8.658584896,30.83817677
555,TAMSOULT,"-8.608230566,30.8483082,0",-8.608230566,30.8483082
556,IHERFACH,"-8.62871585,30.82780329,0",-8.62871585,30.82780329
557,AZROU,"-7.763354336,31.01832251,0",-7.763354336,31.01832251
558,TIWRAR,"-7.759653433,31.03369852,0",-7.759653433,31.03369852
559,TEZZIR,"-7.755934806,31.02288592,0",-7.755934806,31.02288592
560,TAOURIRTE NOUMZIL,"-7.751523945,31.01559477,0",-7.751523945,31.01559477
561,,"-8.447254032,30.67739793,0",-8.447254032,30.67739793
562,OULAD FARESS,"-8.455642046,30.70263469,0",-8.455642046,30.70263469
563,ASSAKA,"-7.562672188,30.60210807,0",-7.562672188,30.60210807
564,TAGMOUTE,"-8.660391396,30.83004675,0",-8.660391396,30.83004675
565,ANNEZIGH,"-8.695404924,30.82720328,0",-8.695404924,30.82720328
566,TIMLILT,"-8.114425009,30.86001307,0",-8.114425009,30.86001307
567,AMSOUZARTE,"-7.83329748,31.01584663,0",-7.83329748,31.01584663
568,BOUSNOUSS,"-8.287052391,30.84385828,0",-8.287052391,30.84385828
569,BARKOUSSE,"-8.818105714,30.95152313,0",-8.818105714,30.95152313
570,AIT SAID,"-8.76977872,30.65467345,0",-8.76977872,30.65467345
571,TIGANZIOUINE,"-8.67032237,30.76594085,0",-8.67032237,30.76594085
572,AZGOUR,"-7.65942489,30.5451051,0",-7.65942489,30.5451051
573,AIT TACHRIFT,"-8.109758686,30.8643923,0",-8.109758686,30.8643923
574,AGADIRANE,"-8.066177132,30.89795236,0",-8.066177132,30.89795236
575,TAMADGHOUST,"-8.1561478,30.90891373,0",-8.1561478,30.90891373
576,IZAMRANE,"-8.133006882,30.86020781,0",-8.133006882,30.86020781
577,TIZQUI,"-8.140647061,30.88007341,0",-8.140647061,30.88007341
578,TASQUINT,"-8.682200392,30.7522616,0",-8.682200392,30.7522616
579,ABOUZIANE,"-8.508182197,30.78750081,0",-8.508182197,30.78750081
580,TIMGDAL,"-7.802959254,30.86064181,0",-7.802959254,30.86064181
581,ISWAL,"-7.753452728,31.0200754,0",-7.753452728,31.0200754
582,SINS,"-8.53704677,30.69877031,0",-8.53704677,30.69877031
583,AMECHTAKATE,"-8.753106931,30.77948216,0",-8.753106931,30.77948216
584,IFRI,"-7.793674698,30.75010439,0",-7.793674698,30.75010439
585,TIZLIYI,"-7.784529801,30.75683148,0",-7.784529801,30.75683148
586,TANFACHET,"-8.825767728,30.72640329,0",-8.825767728,30.72640329
587,AIT OUABDI,"-8.343358005,30.81060241,0",-8.343358005,30.81060241
588,AGUERSAFN,"-8.424566874,30.8032225,0",-8.424566874,30.8032225
589,AZROU TAOUINAKHT,"-8.485829954,30.78574688,0",-8.485829954,30.78574688
590,BOUTIZI,"-7.780092278,30.79674692,0",-7.780092278,30.79674692
591,IGOUMRANE,"-7.776318736,30.82277249,0",-7.776318736,30.82277249
592,ID LAHCEN OUALI,"-7.76714927,30.81895777,0",-7.76714927,30.81895777
593,,"-8.482902784,30.78232238,0",-8.482902784,30.78232238
594,TANMAGUELTE,"-7.975941326,30.86228443,0",-7.975941326,30.86228443
595,TIZZIRT,"-8.820204161,30.73000633,0",-8.820204161,30.73000633
596,,"-8.430659189,30.75048344,0",-8.430659189,30.75048344
597,ID MARMOUCH,"-7.817390616,30.77992918,0",-7.817390616,30.77992918
598,ICHABBANE,"-8.675853893,30.61821068,0",-8.675853893,30.61821068
599,IKHFUSS,"-8.394759971,30.84062527,0",-8.394759971,30.84062527
600,ALAGOU,"-8.399095217,30.83773104,0",-8.399095217,30.83773104
601,AIT YOUSSEF,"-8.444322551,30.76733788,0",-8.444322551,30.76733788
602,EL HANOUANE,"-8.801155132,30.65572313,0",-8.801155132,30.65572313
603,BOUYAKHFAOUN,"-8.515377795,30.75483048,0",-8.515377795,30.75483048
604,TIZKI,"-8.512932605,30.81795217,0",-8.512932605,30.81795217
605,ARG,"-7.718020039,30.57937891,0",-7.718020039,30.57937891
606,TIMZAKINE,"-7.838338816,31.03416072,0",-7.838338816,31.03416072
607,MISSOUR,"-7.84584607,31.05524786,0",-7.84584607,31.05524786
608,ASGUINE,"-8.921085631,30.88739261,0",-8.921085631,30.88739261
609,ISMIR,"-8.894599667,30.89827143,0",-8.894599667,30.89827143
610,TIOUNA,"-8.902342589,30.86009281,0",-8.902342589,30.86009281
611,TAKERKOUTE,"-8.916081213,30.85630779,0",-8.916081213,30.85630779
612,ARAZ,"-8.548686658,30.68005203,0",-8.548686658,30.68005203
613,TAGADIRT ACHBAROU,"-8.470716771,30.75026538,0",-8.470716771,30.75026538
614,AWSAGHMELT,"-8.665689532,30.85249729,0",-8.665689532,30.85249729
615,AIT AMER,"-8.666783032,30.83250784,0",-8.666783032,30.83250784
616,IDAGHASSANE,"-8.337387621,30.83577383,0",-8.337387621,30.83577383
617,IMIL LAKHNEG,"-8.526485897,30.66297172,0",-8.526485897,30.66297172
618,TAKOUCHT,"-8.095662048,30.85586059,0",-8.095662048,30.85586059
619,IRHIL,"-8.626349962,30.84606731,0",-8.626349962,30.84606731
620,IGUIANE,"-8.624447525,30.77545333,0",-8.624447525,30.77545333
621,AMANDAR,"-8.582156228,30.84614716,0",-8.582156228,30.84614716
622,AFZA,"-8.515184117,30.78607592,0",-8.515184117,30.78607592
623,TAGMOUTE,"-7.68849627,30.56813232,0",-7.68849627,30.56813232
624,TAKHFAKHT,"-8.279814304,30.8397742,0",-8.279814304,30.8397742
625,AIT MANCEUR,"-8.790533595,30.76472826,0",-8.790533595,30.76472826
626,ISSOULANE,"-8.803244945,30.74870429,0",-8.803244945,30.74870429
627,TADERT,"-8.878196512,30.70795722,0",-8.878196512,30.70795722
628,TAMSOULT,"-8.9227615,30.70459061,0",-8.9227615,30.70459061
629,AIT CHERIF,"-8.680323848,30.61295786,0",-8.680323848,30.61295786
630,TAMSOULT,"-8.766473029,30.75084415,0",-8.766473029,30.75084415
631,TIWTAGHRANE,"-7.908860179,30.96459632,0",-7.908860179,30.96459632
632,ASKAWN CENTRE,"-7.773965955,30.74185522,0",-7.773965955,30.74185522
633,TASLOUMTE,"-7.770214719,31.02791912,0",-7.770214719,31.02791912
634,ANDOSS,"-7.809892708,31.01732452,0",-7.809892708,31.01732452
635,ZAOUIAT LOUSSTA,"-8.436648261,30.74601327,0",-8.436648261,30.74601327
636,TITTALLE,"-7.718676793,30.78184553,0",-7.718676793,30.78184553
637,ID MENDIL,"-7.835546219,30.77276575,0",-7.835546219,30.77276575
638,SIDI MOUSSA,"-8.65574084,30.61707787,0",-8.65574084,30.61707787
639,AIT ADDI,"-8.37236571,30.76573876,0",-8.37236571,30.76573876
640,MANSOUR,"-7.781064836,30.85566439,0",-7.781064836,30.85566439
641,TIZQUI,"-8.78292385,30.68613287,0",-8.78292385,30.68613287
642,ANNELIF,"-8.678193037,30.84303127,0",-8.678193037,30.84303127
643,FIYIL,"-8.668380267,30.83936448,0",-8.668380267,30.83936448
644,AGHOFZLI,"-7.892100132,30.86888353,0",-7.892100132,30.86888353
645,TAWZENTE,"-7.812573623,30.75487709,0",-7.812573623,30.75487709
646,TARGANT,"-8.672761023,30.75228323,0",-8.672761023,30.75228323
647,IMLIL,"-8.689314024,30.81868353,0",-8.689314024,30.81868353
648,FALGHOUSS,"-8.665655533,30.80949405,0",-8.665655533,30.80949405
649,TAGOUNITE,"-7.828314515,31.02596595,0",-7.828314515,31.02596595
650,TAZOULT,"-7.772050068,30.78209908,0",-7.772050068,30.78209908
651,AIN AGOURAM,"-8.462579137,30.75630687,0",-8.462579137,30.75630687
652,TAWRIRT ACHBAROU,"-8.476577726,30.75586097,0",-8.476577726,30.75586097
653,IMITJAR,"-8.34454647,30.82074625,0",-8.34454647,30.82074625
654,TALA,"-7.919673976,30.89077558,0",-7.919673976,30.89077558
655,TAKATERTE,"-7.865196546,30.95303022,0",-7.865196546,30.95303022
656,AIT MAALA,"-8.421766105,30.75711824,0",-8.421766105,30.75711824
657,AMZAOUROU,"-8.678226188,30.77276148,0",-8.678226188,30.77276148
658,AIT SIDI BELLA,"-8.620717372,30.6147536,0",-8.620717372,30.6147536
659,AIT SOUMMANE,"-8.568939315,30.62039051,0",-8.568939315,30.62039051
660,OULAD SALEM,"-8.574138985,30.62325676,0",-8.574138985,30.62325676
661,AIT IGRANE,"-7.858382313,31.02145462,0",-7.858382313,31.02145462
662,TIMINOUNE,"-8.786778727,30.67291139,0",-8.786778727,30.67291139
663,TAFRAOUTENE,"-8.884398819,30.70206918,0",-8.884398819,30.70206918
664,MSSOUNA,"-8.366592985,30.80482173,0",-8.366592985,30.80482173
665,TOUKHRIBINE,"-8.374561665,30.77183516,0",-8.374561665,30.77183516
666,TAWRIRT,"-8.907718431,30.644456,0",-8.907718431,30.644456
667,AWARGOUT,"-7.733616933,30.58736359,0",-7.733616933,30.58736359
668,TINIGHASS,"-8.792157955,30.77291732,0",-8.792157955,30.77291732
669,KALTATE,"-8.794538764,30.7762237,0",-8.794538764,30.7762237
670,AIT ZAOUIT,"-8.881481003,30.66597763,0",-8.881481003,30.66597763
671,AGUERD,"-8.680682688,30.73180289,0",-8.680682688,30.73180289
672,AARABEN,"-7.757149102,30.82967621,0",-7.757149102,30.82967621
673,TAZODA,"-8.099013234,30.87663571,0",-8.099013234,30.87663571
674,ACHDIRT,"-8.095382556,30.88038706,0",-8.095382556,30.88038706
675,TASSWALT,"-7.824038402,30.96955266,0",-7.824038402,30.96955266
676,TAGOUDACHTE,"-8.296131457,30.81807404,0",-8.296131457,30.81807404
677,IFARGANNE,"-7.879158665,30.86093442,0",-7.879158665,30.86093442
678,IGHIL IAZZA,"-8.555008769,30.67704621,0",-8.555008769,30.67704621
679,IDA OUGATLLA,"-8.625588382,30.63609549,0",-8.625588382,30.63609549
680,BOURRAMDANE,"-7.887095487,30.87579489,0",-7.887095487,30.87579489
681,TIRST,"-8.28116577,30.84346661,0",-8.28116577,30.84346661
682,AIT HAMMOU,"-8.371497576,30.76823111,0",-8.371497576,30.76823111
683,AIT HADDOU,"-8.305876286,30.82247561,0",-8.305876286,30.82247561
684,TIOULI,"-8.302425784,30.81981693,0",-8.302425784,30.81981693
685,IBARZIZANE,"-8.04651615,30.86025566,0",-8.04651615,30.86025566
686,OUILZANE,"-8.28268338,30.77858023,0",-8.28268338,30.77858023
687,WAOUNZOURTE,"-7.829574456,31.00013943,0",-7.829574456,31.00013943
688,AIT ZEMMOURI,"-8.622517504,30.68355053,0",-8.622517504,30.68355053
689,TAZIAT,"-8.57827625,30.66433331,0",-8.57827625,30.66433331
690,OULAD ZEKRI,"-8.451611752,30.69857029,0",-8.451611752,30.69857029
691,AIT YASSINE,"-8.141771287,30.902215,0",-8.141771287,30.902215
692,IKRAMNIWN,"-8.121296086,30.86979666,0",-8.121296086,30.86979666
693,AFOUYIGH,"-8.149957937,30.87408138,0",-8.149957937,30.87408138
694,OUAGHARDA,"-8.70600322,30.83091852,0",-8.70600322,30.83091852
695,TAMAKADOUTE,"-8.681484332,30.80657601,0",-8.681484332,30.80657601
696,ALAGJANE,"-8.676580157,30.80331784,0",-8.676580157,30.80331784
697,TACHKNINE,"-8.672817065,30.77050005,0",-8.672817065,30.77050005
698,TAYZELTE,"-7.950665948,30.94900505,0",-7.950665948,30.94900505
699,SOUK LARBAA ASSAISS,"-7.609553631,30.57619509,0",-7.609553631,30.57619509
700,LMOUDAA,"-7.760619303,31.01607691,0",-7.760619303,31.01607691
701,TIOUGHZA,"-7.758523561,30.67107544,0",-7.758523561,30.67107544
702,,"-8.741943847,30.6230532,0",-8.741943847,30.6230532
703,IMANARANE,"-8.659952537,30.82485445,0",-8.659952537,30.82485445
704,TANZAD,"-8.419633185,30.83400016,0",-8.419633185,30.83400016
705,ANAMER,"-8.102381148,30.85718057,0",-8.102381148,30.85718057
706,TAMSOULT IGHANJAWN,"-8.12703651,30.85878245,0",-8.12703651,30.85878245
707,AIT HSAYN,"-8.113776027,30.86449161,0",-8.113776027,30.86449161
708,TALMAKANTE,"-8.933805569,30.85050119,0",-8.933805569,30.85050119
709,TILMASLANE,"-8.139416153,30.86230833,0",-8.139416153,30.86230833
710,TARGA OU FELLA,"-8.634547523,30.93168171,0",-8.634547523,30.93168171
711,TIFRITE,"-8.969451742,31.00932107,0",-8.969451742,31.00932107
712,,"-8.416444776,30.84957394,0",-8.416444776,30.84957394
713,ASSARAR,"-7.770901101,31.00749756,0",-7.770901101,31.00749756
714,IGHALMISS,"-8.829926796,30.94519718,0",-8.829926796,30.94519718
715,TAGADIRTE,"-8.419561799,31.13148395,0",-8.419561799,31.13148395
716,TIZGHOUINE,"-7.852474901,30.93661435,0",-7.852474901,30.93661435
717,IMI NMOUMENE,"-7.853583926,30.94773809,0",-7.853583926,30.94773809
718,TOUGALKHIR,"-8.554100938,30.83842235,0",-8.554100938,30.83842235
719,ASSAISS ADBDI,"-8.481828081,30.83761659,0",-8.481828081,30.83761659
720,IGOUZOULNE,"-8.143579382,30.86376509,0",-8.143579382,30.86376509
721,AIT NACER,"-8.656399447,30.75956176,0",-8.656399447,30.75956176
722,AMGDOUL,"-8.280794134,30.85863548,0",-8.280794134,30.85863548
723,TIZIRT HAGUIRA,"-8.306771462,30.81751204,0",-8.306771462,30.81751204
724,AIT WALLALE,"-7.873926364,30.83714508,0",-7.873926364,30.83714508
725,AGARDE NOUGADIR,"-7.896592942,30.84467775,0",-7.896592942,30.84467775
726,IMZILNE,"-7.879156848,30.8578324,0",-7.879156848,30.8578324
727,ANMID,"-7.807872151,30.9512982,0",-7.807872151,30.9512982
728,TIZI OUNRARE,"-8.10559323,30.85797449,0",-8.10559323,30.85797449
729,TAZOUDOUTE,"-8.661550742,30.81156206,0",-8.661550742,30.81156206
730,ZAOUIAT IMI MADGHAR,"-8.770221337,30.62296989,0",-8.770221337,30.62296989
731,MARKAZ TAFINGOULT,"-8.383612557,30.76319796,0",-8.383612557,30.76319796
732,IMGHIR,"-8.701598468,30.82937031,0",-8.701598468,30.82937031
733,AGUERD,"-8.426100227,30.8043926,0",-8.426100227,30.8043926
734,ADAD,"-7.764506056,31.03065496,0",-7.764506056,31.03065496
735,AMATITRE,"-8.618177346,30.80840455,0",-8.618177346,30.80840455
736,TASDOUTE,"-8.60699504,30.84209064,0",-8.60699504,30.84209064
737,KORMATE,"-8.853300921,30.86083426,0",-8.853300921,30.86083426
738,AMDROUSS,"-8.850931966,30.86306335,0",-8.850931966,30.86306335
739,AIT MZIL,"-7.7193207,30.63162798,0",-7.7193207,30.63162798
740,TASQUINTE,"-8.844482254,30.74786,0",-8.844482254,30.74786
741,IKHOUDAMNE,"-8.695035134,30.78825907,0",-8.695035134,30.78825907
742,MELLIZ,"-8.780013217,30.75435329,0",-8.780013217,30.75435329
743,TISSOHITE,"-8.984206179,31.0117157,0",-8.984206179,31.0117157
744,AGNI,"-8.928461469,30.9905847,0",-8.928461469,30.9905847
745,ANAMRA,"-8.929983645,30.99920795,0",-8.929983645,30.99920795
746,TADDARINE,"-7.897203761,30.86029264,0",-7.897203761,30.86029264
747,IGUIDI,"-7.901965217,30.83679358,0",-7.901965217,30.83679358
748,ARGUE,"-8.446003727,31.11383186,0",-8.446003727,31.11383186
749,TALMODAATE,"-8.686291987,30.99608889,0",-8.686291987,30.99608889
750,ZAOUIAT SIDI ALI OU FAR,"-7.805399316,31.27233976,0",-7.805399316,31.27233976
751,TINZAROUINE,"-8.277289854,31.07998221,0",-8.277289854,31.07998221
752,AIT DAOUD,"-8.377107784,31.10567172,0",-8.377107784,31.10567172
753,TICHAKJI,"-8.620661487,30.85536455,0",-8.620661487,30.85536455
754,TAZAGUATA,"-8.288437698,31.06067135,0",-8.288437698,31.06067135
755,ISGANE,"-8.011622823,31.25946714,0",-8.011622823,31.25946714
756,EL MAKHZENE,"-8.100998648,30.96333928,0",-8.100998648,30.96333928
757,TAMALOUTE,"-8.273912635,31.07857906,0",-8.273912635,31.07857906
758,IGHAZ,"-8.496555631,31.13572248,0",-8.496555631,31.13572248
759,TIDARGUINE,"-8.488820617,31.12684783,0",-8.488820617,31.12684783
760,TAZELLOUMT,"-8.599616573,30.80801347,0",-8.599616573,30.80801347
761,TAZLIDA,"-8.554778663,30.81809384,0",-8.554778663,30.81809384
762,LAMDINATE,"-8.370053336,31.10758472,0",-8.370053336,31.10758472
763,ANAMROU,"-8.348844087,31.09716621,0",-8.348844087,31.09716621
764,BOUY SSOUFA,"-8.93053512,31.03158033,0",-8.93053512,31.03158033
765,WAWOURST,"-8.970785881,31.03656446,0",-8.970785881,31.03656446
766,TAMJLOUJTE,"-8.800104991,30.87275975,0",-8.800104991,30.87275975
767,AMESKERDAD,"-8.815944122,31.0619515,0",-8.815944122,31.0619515
768,ZAOUIAT ASSATIF,"-8.65277217,31.00216805,0",-8.65277217,31.00216805
769,TADDARTE,"-8.677518502,31.11511545,0",-8.677518502,31.11511545
770,MIAL,"-7.760509629,30.77810512,0",-7.760509629,30.77810512
771,ASAYSSE,"-8.493440138,31.14993005,0",-8.493440138,31.14993005
772,TALAT NYASSINE,"-8.171714515,30.98098712,0",-8.171714515,30.98098712
773,TIMSALE,"-8.273288069,30.93001636,0",-8.273288069,30.93001636
774,AMALOU,"-7.716771226,30.67367429,0",-7.716771226,30.67367429
775,,"-8.541077105,30.71560193,0",-8.541077105,30.71560193
776,TIFERKI,"-8.612519038,30.7517269,0",-8.612519038,30.7517269
777,ZAOUIAT IHCHACH,"-8.525314557,30.68335589,0",-8.525314557,30.68335589
778,ASSAGHMOU,"-6.554517641,31.32738576,0",-6.554517641,31.32738576
779,OUKHRIBNE,"-8.258969788,31.00815331,0",-8.258969788,31.00815331
780,IGNANE,"-7.80811385,31.24283792,0",-7.80811385,31.24283792
781,OURZDDINE,"-8.273201503,30.99556156,0",-8.273201503,30.99556156
782,TIGARTE,"-8.320412858,30.99328775,0",-8.320412858,30.99328775
783,TIMIZAR,"-8.259279529,30.99419337,0",-8.259279529,30.99419337
784,ARKTE,"-8.133489792,31.02687825,0",-8.133489792,31.02687825
785,TIZGUINE,"-8.949837525,30.88842182,0",-8.949837525,30.88842182
786,TYLNIF,"-7.414893163,31.37296089,0",-7.414893163,31.37296089
787,ADOUZE,"-8.637555948,31.11373766,0",-8.637555948,31.11373766
788,TAWLOUST,"-8.819198953,30.74919171,0",-8.819198953,30.74919171
789,TAJACHT,"-8.774230777,30.72850374,0",-8.774230777,30.72850374
790,TAKATERTE,"-7.844741914,31.02083782,0",-7.844741914,31.02083782
791,TIKHTE,"-8.431537401,31.14360073,0",-8.431537401,31.14360073
792,TIGHOULA,"-8.427949635,31.13879617,0",-8.427949635,31.13879617
793,IMHIL,"-7.864641545,31.02173327,0",-7.864641545,31.02173327
794,ANKOUTOUFE,"-8.809328293,30.91474832,0",-8.809328293,30.91474832
795,IZAGAGHANE,"-7.75960686,31.19223723,0",-7.75960686,31.19223723
796,ANAMMAR,"-7.303789269,31.36330597,0",-7.303789269,31.36330597
797,TIRKHTE,"-8.35746037,30.98977207,0",-8.35746037,30.98977207
798,SRANINE,"-8.536308581,30.63315591,0",-8.536308581,30.63315591
799,WANDGHICH,"-8.953462921,31.02599734,0",-8.953462921,31.02599734
800,AGROUTANE,"-8.86417695,31.09525689,0",-8.86417695,31.09525689
801,IKKISS,"-8.71028431,30.8973328,0",-8.71028431,30.8973328
802,AGADIR OU MLIL,"-8.151401359,31.00063347,0",-8.151401359,31.00063347
803,TOUKHRIBINE,"-8.167756571,30.9707511,0",-8.167756571,30.9707511
804,GOUGTEN,"-8.248029848,30.94512466,0",-8.248029848,30.94512466
805,YOUSSRANE,"-8.884531698,30.69497624,0",-8.884531698,30.69497624
806,MEGDEL,"-8.759819518,30.78440965,0",-8.759819518,30.78440965
807,AL KHOMS,"-8.754458156,30.75938586,0",-8.754458156,30.75938586
808,TAMATERT,"-7.709870278,31.20008437,0",-7.709870278,31.20008437
809,OURTI OUMGHAR,"-8.790983736,30.7711374,0",-8.790983736,30.7711374
810,TANAZZATE,"-8.290354708,30.89885586,0",-8.290354708,30.89885586
811,AIT MAKRAZE,"-8.280156551,30.91613547,0",-8.280156551,30.91613547
812,AIT WAGARYANE,"-8.648206071,31.11369262,0",-8.648206071,31.11369262
813,ZAOUIAT AMERNE,"-8.736339639,31.07405942,0",-8.736339639,31.07405942
814,TANSMAGHTE,"-8.69003216,31.01436756,0",-8.69003216,31.01436756
815,TASSALLI,"-8.699419464,30.98061639,0",-8.699419464,30.98061639
816,AFRA,"-7.419398588,31.34015623,0",-7.419398588,31.34015623
817,TAMASSITE,"-7.975660506,31.24008525,0",-7.975660506,31.24008525
818,AMCHOUDE,"-8.911464013,30.89006253,0",-8.911464013,30.89006253
819,TATOULA,"-7.298149064,31.358533,0",-7.298149064,31.358533
820,IAABASSENE,"-7.780559024,31.18278206,0",-7.780559024,31.18278206
821,GWAMANE,"-7.831026862,31.25628017,0",-7.831026862,31.25628017
822,TAMDGHOUSTE,"-8.955508146,30.94177924,0",-8.955508146,30.94177924
823,AMSKRAJANE,"-8.302834653,30.98124669,0",-8.302834653,30.98124669
824,ZAOUIT SIDI LAHCEN,"-8.6773466,30.93647782,0",-8.6773466,30.93647782
825,IZAMRANE,"-7.686748493,31.3882663,0",-7.686748493,31.3882663
826,AREG,"-8.874270209,31.04914822,0",-8.874270209,31.04914822
827,TAWRIRTE,"-8.190862909,31.06739224,0",-8.190862909,31.06739224
828,AIT HARBE,"-7.986265145,31.1446148,0",-7.986265145,31.1446148
829,AGNI,"-8.07070321,31.16970488,0",-8.07070321,31.16970488
830,ZAOUIAT TAMAROUTE,"-8.886735068,31.03479086,0",-8.886735068,31.03479086
831,ARBAN TAMTARGUA,"-8.194105037,30.87995967,0",-8.194105037,30.87995967
832,ASSGHMAR AIT OUGROURE,"-6.813248106,31.23215164,0",-6.813248106,31.23215164
833,TIGROOUTE,"-7.884910108,30.89736519,0",-7.884910108,30.89736519
834,AIT ZOUIL,"-6.429111551,31.38072652,0",-6.429111551,31.38072652
835,IMIN-TISLIT,"-8.075694949,30.88709176,0",-8.075694949,30.88709176
836,AIT ALI OU AISSA,"-6.591261421,31.22107668,0",-6.591261421,31.22107668
837,DERB WIRGANE,"-8.080224319,31.17469106,0",-8.080224319,31.17469106
838,TIZI MLIL,"-8.180858442,31.10129147,0",-8.180858442,31.10129147
839,TIGARSALTE,"-8.212775992,31.0979576,0",-8.212775992,31.0979576
840,WAWGMOUTE,"-7.984176193,31.1457902,0",-7.984176193,31.1457902
841,AIT HDINE,"-7.867851489,30.83702575,0",-7.867851489,30.83702575
842,TAGADIRTE,"-8.950700562,30.91411879,0",-8.950700562,30.91411879
843,TAZA TOURTE,"-8.13447132,31.20521796,0",-8.13447132,31.20521796
844,TINZZIMINE,"-8.467324628,31.0530976,0",-8.467324628,31.0530976
845,LMATMOUR,"-8.390498857,30.75326095,0",-8.390498857,30.75326095
846,ZAOUIAT LALLA RKIA,"-8.513915518,30.78140989,0",-8.513915518,30.78140989
847,ZAOUIAT SIDI IGUERBZIZ,"-8.475913343,30.77035253,0",-8.475913343,30.77035253
848,IGHEL MELLEN,"-8.652247446,30.93585199,0",-8.652247446,30.93585199
849,TAJAGALTE,"-8.85538881,31.06077075,0",-8.85538881,31.06077075
850,ISFIL,"-7.688631339,31.39775559,0",-7.688631339,31.39775559
851,AMASLANE,"-8.963107998,30.91039837,0",-8.963107998,30.91039837
852,TADARNOUTE,"-8.790964456,30.76257859,0",-8.790964456,30.76257859
853,TAGOUYAMTE,"-7.576074986,30.60987289,0",-7.576074986,30.60987289
854,TIGUIRTE,"-6.944282307,31.28503098,0",-6.944282307,31.28503098
855,BOUMARDOULE,"-5.858187178,31.61243525,0",-5.858187178,31.61243525
856,TABOUTABT,"-8.379109978,30.75999037,0",-8.379109978,30.75999037
857,ANAMMER,"-8.195128846,31.06945857,0",-8.195128846,31.06945857
858,AGUENZANE,"-8.888088818,30.69277203,0",-8.888088818,30.69277203
859,LAARAB,"-7.986319002,31.25439836,0",-7.986319002,31.25439836
860,TARGA,"-8.132978378,31.03451084,0",-8.132978378,31.03451084
861,TINOUALINE,"-8.681152772,31.08717565,0",-8.681152772,31.08717565
862,AZARZOU,"-8.475234392,31.00612302,0",-8.475234392,31.00612302
863,AGOUMMADANE,"-8.880184418,30.67293264,0",-8.880184418,30.67293264
864,AGARZRA,"-8.476857931,31.05668181,0",-8.476857931,31.05668181
865,SIDI ALI OUBRAHIM,"-8.24483031,30.80132808,0",-8.24483031,30.80132808
866,TALAT N-DARAMMANE,"-8.117978414,30.8582559,0",-8.117978414,30.8582559
867,TAMAROUT,"-8.219481271,30.89562217,0",-8.219481271,30.89562217
868,TOUKARINE,"-7.708805774,30.63100918,0",-7.708805774,30.63100918
869,ZAOUIAT SIDI MOUSSA,"-8.145254122,30.87754303,0",-8.145254122,30.87754303
870,IGARWATE,"-8.525550188,31.07463073,0",-8.525550188,31.07463073
871,OUZALA,"-8.576441639,30.62705583,0",-8.576441639,30.62705583
872,FOUMAZIR,"-8.815609366,31.07662729,0",-8.815609366,31.07662729
873,TOGL KHIR,"-8.789411741,31.05472785,0",-8.789411741,31.05472785
874,AMDRASS,"-6.485717415,31.44878533,0",-6.485717415,31.44878533
875,AGLI,"-8.190465955,30.84926417,0",-8.190465955,30.84926417
876,ZAOUIAT SITTI FADMA,"-7.693840988,31.21947232,0",-7.693840988,31.21947232
877,AIT SLIMANE,"-7.50548827,31.3807069,0",-7.50548827,31.3807069
878,AIT ACHA,"-7.584006568,31.37454198,0",-7.584006568,31.37454198
879,IGHREM,"-8.101674906,30.88205935,0",-8.101674906,30.88205935
880,MENZANIT,"-8.618412974,30.84627884,0",-8.618412974,30.84627884
881,ADEQUI,"-8.616249969,30.82670154,0",-8.616249969,30.82670154
882,ZAOUIAT EL MADAADANE,"-8.621882743,30.77091309,0",-8.621882743,30.77091309
883,TISSALDAY,"-7.851362322,31.06084514,0",-7.851362322,31.06084514
884,AIT SOUAL,"-6.454567075,31.36680908,0",-6.454567075,31.36680908
885,TIGUEMI IGRANE,"-7.762212184,31.02267351,0",-7.762212184,31.02267351
886,ANSSA,"-7.485359387,31.27525189,0",-7.485359387,31.27525189
887,TANAMARTE,"-8.494792221,31.03047121,0",-8.494792221,31.03047121
888,TALATTANE,"-7.718772196,30.81963384,0",-7.718772196,30.81963384
889,TAOURMATE,"-8.903859912,30.72127631,0",-8.903859912,30.72127631
890,,"-7.519539921,31.2935098,0",-7.519539921,31.2935098
891,HLAWTE,"-7.603923948,31.35347425,0",-7.603923948,31.35347425
892,TINGLIANE,"-8.351696805,30.82561319,0",-8.351696805,30.82561319
893,TIZGUI  OU FELLA,"-8.958751704,30.97486651,0",-8.958751704,30.97486651
894,AIT JEDDI,"-8.536661824,30.6703099,0",-8.536661824,30.6703099
895,AMSSOULE,"-6.686187887,31.2450304,0",-6.686187887,31.2450304
896,IMERGUENEG,"-8.26587853,30.81601745,0",-8.26587853,30.81601745
897,TIGUICHT,"-8.135905166,30.8785214,0",-8.135905166,30.8785214
898,TALAT NBITALJANE,"-8.666198726,30.79566199,0",-8.666198726,30.79566199
899,TAHANDOURT,"-8.524166275,30.74387147,0",-8.524166275,30.74387147
900,TILEKANT,"-8.512711186,30.75985941,0",-8.512711186,30.75985941
901,,"-7.781446674,31.00363835,0",-7.781446674,31.00363835
902,TALAT NAAMRANE,"-7.768774735,31.03089624,0",-7.768774735,31.03089624
903,FERMAT CHRAIRE DE TAOUFIKIMED,"-8.46020514,30.66274081,0",-8.46020514,30.66274081
904,TAMALLA,"-8.63724801,30.65614635,0",-8.63724801,30.65614635
905,TALADDAMTE,"-8.554330347,31.0541071,0",-8.554330347,31.0541071
906,KSAR AIT ISFOULE,"-5.850854651,31.67284892,0",-5.850854651,31.67284892
907,TAMASKA,"-8.878090139,30.66814077,0",-8.878090139,30.66814077
908,TAGHZIRTE,"-7.555827769,31.2555692,0",-7.555827769,31.2555692
909,MENDOU,"-7.806619395,30.7868168,0",-7.806619395,30.7868168
910,TIZARATINE,"-8.596855958,30.80177322,0",-8.596855958,30.80177322
911,AGHFERGA,"-8.572274303,30.86117126,0",-8.572274303,30.86117126
912,TIZNIRINE,"-8.58579006,30.75093771,0",-8.58579006,30.75093771
913,EL MAKHZEN,"-8.555496871,30.71991553,0",-8.555496871,30.71991553
914,IMZILNE,"-6.579369782,31.27812549,0",-6.579369782,31.27812549
915,TAMSSOULTE,"-6.672768549,31.26438508,0",-6.672768549,31.26438508
916,TILMI,"-5.77179039,31.81856482,0",-5.77179039,31.81856482
917,MATOUS,"-7.599848724,31.36684253,0",-7.599848724,31.36684253
918,ASNI CENTRE,"-7.980755801,31.25007002,0",-7.980755801,31.25007002
919,IDSIAR,"-8.089226552,31.02322412,0",-8.089226552,31.02322412
920,ASSELIOUME,"-7.67577861,31.38398932,0",-7.67577861,31.38398932
921,TAGNIT,"-8.94369314,30.68290876,0",-8.94369314,30.68290876
922,IGOURDANE,"-7.801084561,30.87970597,0",-7.801084561,30.87970597
923,TICHKI,"-7.791062174,30.87080582,0",-7.791062174,30.87080582
924,AMARCHIH,"-8.651823257,30.80840589,0",-8.651823257,30.80840589
925,TISSOUGANE,"-8.673052116,30.77466949,0",-8.673052116,30.77466949
926,ZAOUIAT TAFILALT,"-8.674181438,30.74797879,0",-8.674181438,30.74797879
927,,"-7.140587326,31.09715261,0",-7.140587326,31.09715261
928,IHNACHE,"-7.586250868,31.38250184,0",-7.586250868,31.38250184
929,ANABDOUR,"-8.912298888,30.69404523,0",-8.912298888,30.69404523
930,IRKOUNT,"-8.362578059,30.82823295,0",-8.362578059,30.82823295
931,ZWALIL,"-8.418494985,31.12394625,0",-8.418494985,31.12394625
932,IZARRANE,"-8.279254207,30.97932378,0",-8.279254207,30.97932378
933,OUTAKHERRI,"-8.155777662,31.01394514,0",-8.155777662,31.01394514
934,TAGADIRTE,"-7.823274222,30.82045176,0",-7.823274222,30.82045176
935,AIT MELLOUL,"-7.793886445,30.79541048,0",-7.793886445,30.79541048
936,TASQUA IGRANE,"-8.810319553,30.75324889,0",-8.810319553,30.75324889
937,TIGHZANILA,"-7.124141772,31.30770252,0",-7.124141772,31.30770252
938,TIMMOUNTOUTE,"-7.255598675,31.20737343,0",-7.255598675,31.20737343
939,AGUERR ZRANE,"-7.840354035,31.02236922,0",-7.840354035,31.02236922
940,ALMKAL,"-7.82166775,30.99072047,0",-7.82166775,30.99072047
941,AIT ATTOU OU MOUSSA,"-5.742045883,31.86359902,0",-5.742045883,31.86359902
942,AIT BOULEMANE,"-5.814804192,31.74970059,0",-5.814804192,31.74970059
943,IHOUKARNE,"-7.646094698,30.53179514,0",-7.646094698,30.53179514
944,IFRKHANE,"-6.591948022,31.25473752,0",-6.591948022,31.25473752
945,TAMANNOUT NIZDDAR,"-7.618267876,30.59075751,0",-7.618267876,30.59075751
946,TIZGUI NOUHAKKI,"-7.779149851,30.8132668,0",-7.779149851,30.8132668
947,ISSOUMARE,"-6.127917228,31.4596125,0",-6.127917228,31.4596125
948,ASSISF OU GADIR,"-8.857832353,30.75314274,0",-8.857832353,30.75314274
949,AGOUNSA,"-8.855047137,30.76411796,0",-8.855047137,30.76411796
950,AMSSAKROU,"-7.900695779,31.17074254,0",-7.900695779,31.17074254
951,AGHRI,"-8.43099275,30.84948974,0",-8.43099275,30.84948974
952,ARG,"-7.697229034,30.63413331,0",-7.697229034,30.63413331
953,,"-7.729688968,31.37858506,0",-7.729688968,31.37858506
954,ACHAHHOUDE,"-7.133585846,31.14976153,0",-7.133585846,31.14976153
955,TOUAZA,"-6.275683798,31.40965128,0",-6.275683798,31.40965128
956,ASSENDOU,"-6.521875046,31.39521531,0",-6.521875046,31.39521531
957,TAZOULTE,"-7.505035591,30.63401289,0",-7.505035591,30.63401289
958,TLATE NASSE,"-8.127224921,31.09029758,0",-8.127224921,31.09029758
959,IGHREM,"-8.09890851,31.01712851,0",-8.09890851,31.01712851
960,IFASFASS,"-8.45566095,30.76200132,0",-8.45566095,30.76200132
961,OUAGJDITE,"-7.846447107,31.32695421,0",-7.846447107,31.32695421
962,AGOUNI,"-8.574529235,30.63227347,0",-8.574529235,30.63227347
963,AMZILE-FOUKANI,"-6.224681235,31.42209392,0",-6.224681235,31.42209392
964,ATOUGHA,"-7.655217859,30.63190551,0",-7.655217859,30.63190551
965,TAM GUISTE,"-7.867464688,31.15505329,0",-7.867464688,31.15505329
966,IGHIL,"-7.844734288,30.77309417,0",-7.844734288,30.77309417
967,,"-8.731264355,30.66396782,0",-8.731264355,30.66396782
968,AMZAOUROU,"-8.794264451,30.66998642,0",-8.794264451,30.66998642
969,AIT LAHSENE,"-8.339404804,30.84505899,0",-8.339404804,30.84505899
970,TAMSOULT,"-8.479873388,30.84219388,0",-8.479873388,30.84219388
971,BOU GHAZIR,"-8.349229862,30.90822156,0",-8.349229862,30.90822156
972,IMERGUENE,"-8.604504225,30.83554561,0",-8.604504225,30.83554561
973,KSAR AKDIM,"-5.815093264,31.70079925,0",-5.815093264,31.70079925
974,KSAR OUATAB,"-5.816328146,31.70429989,0",-5.816328146,31.70429989
975,OUITKRAZENE,"-8.801134639,30.72488992,0",-8.801134639,30.72488992
976,TALATANE,"-8.897867157,30.89660018,0",-8.897867157,30.89660018
977,AIT YAHIA,"-8.816243575,30.95322736,0",-8.816243575,30.95322736
978,ID AMER OU ALI,"-7.658957988,30.70175556,0",-7.658957988,30.70175556
979,TAMALOUTE,"-7.738509801,30.72474797,0",-7.738509801,30.72474797
980,TIGHARMTE,"-7.652342099,31.09313716,0",-7.652342099,31.09313716
981,TINGHARDA,"-7.887954027,30.86373864,0",-7.887954027,30.86373864
982,TAGADIRTE,"-7.85885622,31.34072948,0",-7.85885622,31.34072948
983,AKHFEROU OU FELLA,"-8.766684021,30.73077974,0",-8.766684021,30.73077974
984,TAMAROUTE,"-8.246204386,30.93108922,0",-8.246204386,30.93108922
985,IGHIL NOUKALEF,"-7.702217757,31.39123958,0",-7.702217757,31.39123958
986,TAGHWACHT,"-8.579850773,30.76786903,0",-8.579850773,30.76786903
987,OUANSKRA,"-7.85917232,31.15363432,0",-7.85917232,31.15363432
988,AMGHRAOUNE,"-8.159159338,31.01256041,0",-8.159159338,31.01256041
989,TADDARTE,"-7.653831081,31.37792202,0",-7.653831081,31.37792202
990,AFZA,"-7.751084002,31.02159135,0",-7.751084002,31.02159135
991,MZGAMMATE,"-7.815647148,30.98365327,0",-7.815647148,30.98365327
992,TIMSSALE AIT YAHIA OUALI,"-7.142541081,31.27349516,0",-7.142541081,31.27349516
993,AMARZWAST,"-7.860685777,31.26159963,0",-7.860685777,31.26159963
994,TISSEKHT NAIT WADIF,"-7.813674872,30.73947231,0",-7.813674872,30.73947231
995,TAWRIRT,"-8.680623929,30.84863857,0",-8.680623929,30.84863857
996,AMZAOUROU,"-7.884992338,30.88216855,0",-7.884992338,30.88216855
997,ASSARAGUE,"-7.825421848,30.96380752,0",-7.825421848,30.96380752
998,ASSIF ZIMER,"-7.738246008,30.69607153,0",-7.738246008,30.69607153
999,TAGHOUGALTE,"-7.987482473,30.88666597,0",-7.987482473,30.88666597
1000,TAMMAJOUTE,"-7.97507081,30.89908704,0",-7.97507081,30.89908704
1001,OUKHRIBENE,"-8.953104694,30.88688285,0",-8.953104694,30.88688285
1002,TAMSALLOUMT,"-8.155746099,30.88350905,0",-8.155746099,30.88350905
1003,AFFALLA NOUFRA,"-8.065345024,30.89351571,0",-8.065345024,30.89351571
1004,BOUGHIOUL,"-8.641682786,30.62484232,0",-8.641682786,30.62484232
1005,ZAOUIAT SIDI ABDELLAH OU MOUSSA,"-8.445809017,30.7019543,0",-8.445809017,30.7019543
1006,LAMKAYAT,"-8.393299154,30.89916656,0",-8.393299154,30.89916656
1007,TANFGUIKHTE,"-8.383759959,30.99359686,0",-8.383759959,30.99359686
1008,TAWYALT,"-8.427497165,30.8058547,0",-8.427497165,30.8058547
1009,AIT TATLALENE,"-7.211779114,31.30413322,0",-7.211779114,31.30413322
1010,,"-7.866496824,31.16181017,0",-7.866496824,31.16181017
1011,RBAT,"-6.199965128,31.42120928,0",-6.199965128,31.42120928
1012,IZLANE,"-8.878162032,30.66621764,0",-8.878162032,30.66621764
1013,ANDIL,"-8.665063451,30.82140643,0",-8.665063451,30.82140643
1014,IMI NEMSSOUNTE,"-7.874846698,30.83488991,0",-7.874846698,30.83488991
1015,AZQUER,"-8.711494788,30.75545747,0",-8.711494788,30.75545747
1016,,"-8.831807748,30.72353503,0",-8.831807748,30.72353503
1017,ANFID,"-7.633762054,31.1173614,0",-7.633762054,31.1173614
1018,ZAOUIAT SIDI BOUZAID,"-8.562048309,30.6989748,0",-8.562048309,30.6989748
1019,KSAR AIT OURIR,"-5.811407484,31.69977526,0",-5.811407484,31.69977526
1020,AGADIR LAKHMASS,"-7.777354396,31.29856999,0",-7.777354396,31.29856999
1021,TILEMSINE,"-7.594675333,30.85293396,0",-7.594675333,30.85293396
1022,TADDARTE,"-7.711929724,31.38988281,0",-7.711929724,31.38988281
1023,TINEGHLAT,"-8.523047647,30.7905266,0",-8.523047647,30.7905266
1024,ZARWOUNE,"-7.534424102,31.26051975,0",-7.534424102,31.26051975
1025,IMIOURMARE,"-8.264395089,31.0950131,0",-8.264395089,31.0950131
1026,TIZOUAL,"-7.794281223,31.01106882,0",-7.794281223,31.01106882
1027,OUGOUGNE,"-7.881414223,30.89421759,0",-7.881414223,30.89421759
1028,AIT OUNABGUI,"-5.889226585,31.69326181,0",-5.889226585,31.69326181
1029,IZHAGUENE,"-5.770655733,31.81149212,0",-5.770655733,31.81149212
1030,AGHLLA,"-8.349724102,30.84322944,0",-8.349724102,30.84322944
1031,AIT YOUBE,"-6.271504631,31.40313875,0",-6.271504631,31.40313875
1032,AITBENAAMER,"-7.385890851,31.37057892,0",-7.385890851,31.37057892
1033,AIT OUZKRI,"-8.247228578,31.18470182,0",-8.247228578,31.18470182
1034,TIZGUE,"-8.253905647,31.173974,0",-8.253905647,31.173974
1035,TIN GHORINE,"-7.880658403,31.15735466,0",-7.880658403,31.15735466
1036,TAMMASTE,"-7.352098981,31.33357149,0",-7.352098981,31.33357149
1037,TANAZRAR,"-8.68532412,30.82046062,0",-8.68532412,30.82046062
1038,AL JAMAANE,"-7.788052951,31.28932274,0",-7.788052951,31.28932274
1039,ARGUE,"-7.868657422,30.99295521,0",-7.868657422,30.99295521
1040,AIT MAALA TAMTMAZER,"-8.29230166,30.84913489,0",-8.29230166,30.84913489
1041,TOULGUINE,"-8.330514439,31.16115856,0",-8.330514439,31.16115856
1042,WAKHAFAMANE,"-8.157667909,31.11273462,0",-8.157667909,31.11273462
1043,AIT CHARRAH,"-8.183103879,31.12976865,0",-8.183103879,31.12976865
1044,IGUER NKOURISSE,"-8.136027925,31.05107317,0",-8.136027925,31.05107317
1045,TAMZMAMANE,"-8.377048856,30.9906389,0",-8.377048856,30.9906389
1046,IGOUNANE,"-8.768267258,30.80777828,0",-8.768267258,30.80777828
1047,IGUARDANE,"-8.252813214,31.15693113,0",-8.252813214,31.15693113
1048,TALMITARTE,"-7.836545699,30.95607216,0",-7.836545699,30.95607216
1049,IMASKER,"-8.622014672,30.84381085,0",-8.622014672,30.84381085
1050,IMZINE,"-8.625459558,30.77250419,0",-8.625459558,30.77250419
1051,ADDAYA,"-8.644771106,30.7431898,0",-8.644771106,30.7431898
1052,IGLI IZDAR,"-7.900900771,30.85490486,0",-7.900900771,30.85490486
1053,TIRIRTE,"-7.925277403,30.96524702,0",-7.925277403,30.96524702
1054,TADOUST,"-8.528820264,30.66891724,0",-8.528820264,30.66891724
1055,ASLOUNE,"-8.350078543,30.99265653,0",-8.350078543,30.99265653
1056,TAGHADIRT,"-7.847805401,31.15559583,0",-7.847805401,31.15559583
1057,TAMENSSASSARE,"-7.507448916,30.66067019,0",-7.507448916,30.66067019
1058,LARBAA,"-7.759785236,31.02436211,0",-7.759785236,31.02436211
1059,TALAYNTE,"-8.130392657,31.05350916,0",-8.130392657,31.05350916
1060,WANAFSIOUINE,"-7.833024656,31.04908479,0",-7.833024656,31.04908479
1061,TACHAKCHTE,"-8.358491236,31.0141512,0",-8.358491236,31.0141512
1062,AMSIWI,"-8.483874121,30.89398748,0",-8.483874121,30.89398748
1063,TIZGUI,"-7.579100938,30.62727265,0",-7.579100938,30.62727265
1064,IMSLANE,"-8.02976889,30.96863201,0",-8.02976889,30.96863201
1065,,"-8.052055038,30.93506628,0",-8.052055038,30.93506628
1066,SAMGHORTE,"-8.221033074,31.09821673,0",-8.221033074,31.09821673
1067,TIZGUI OU BLAIDE,"-8.305054114,31.1662448,0",-8.305054114,31.1662448
1068,IDA OU BLAL,"-8.548226621,30.7568287,0",-8.548226621,30.7568287
1069,ANMITER,"-7.785836845,31.19820911,0",-7.785836845,31.19820911
1070,TIMGUIST,"-7.777624451,31.19634098,0",-7.777624451,31.19634098
1071,MCHADIL,"-8.279865442,30.92566626,0",-8.279865442,30.92566626
1072,ATNIRITE,"-8.318230215,31.10595865,0",-8.318230215,31.10595865
1073,OURIZE,"-7.403671897,31.37366939,0",-7.403671897,31.37366939
1074,TAJELTE OUFELLA,"-8.842420955,30.85780877,0",-8.842420955,30.85780877
1075,TAGMOUTE,"-8.27878908,30.93485502,0",-8.27878908,30.93485502
1076,WARTI,"-8.207318309,31.06286332,0",-8.207318309,31.06286332
1077,TAFZA,"-7.778858284,31.35797931,0",-7.778858284,31.35797931
1078,TISGOUANE,"-7.849614993,31.01944075,0",-7.849614993,31.01944075
1079,ZAOUIAT IGUERD IGHIL,"-8.368220727,30.76133157,0",-8.368220727,30.76133157
1080,IFRI,"-8.281515119,30.81944241,0",-8.281515119,30.81944241
1081,TABIA,"-8.97005424,30.89318087,0",-8.97005424,30.89318087
1082,ZT TASSAFT,"-8.219969197,30.95556705,0",-8.219969197,30.95556705
1083,EL HNAINE,"-8.148859761,31.01612257,0",-8.148859761,31.01612257
1084,WAFADNA,"-7.516367178,31.37662177,0",-7.516367178,31.37662177
1085,IGOURDANE,"-7.761718841,31.02940168,0",-7.761718841,31.02940168
1086,TOUGHOUTE,"-7.642019791,31.08421485,0",-7.642019791,31.08421485
1087,TAKOUCHTAMTE,"-7.645199151,30.58458833,0",-7.645199151,30.58458833
1088,AIT WALMANE,"-7.55297816,30.5850168,0",-7.55297816,30.5850168
1089,ANFAG,"-8.182256363,31.19929698,0",-8.182256363,31.19929698
1090,TAJGALTE,"-8.381544656,30.7890684,0",-8.381544656,30.7890684
1091,AMASSINE,"-7.788771105,31.31035099,0",-7.788771105,31.31035099
1092,TASDMERTE,"-8.713552212,30.74097964,0",-8.713552212,30.74097964
1093,TOUGOUKHT,"-8.509409379,30.7818957,0",-8.509409379,30.7818957
1094,TAAYATE,"-7.306867834,31.35289511,0",-7.306867834,31.35289511
1095,AMASSINE,"-7.583427866,30.80910337,0",-7.583427866,30.80910337
1096,AGRILAOUN,"-7.595054199,30.85643598,0",-7.595054199,30.85643598
1097,IZOUKANNANE,"-7.863444528,30.83675491,0",-7.863444528,30.83675491
1098,TIMITARE,"-7.895987828,30.83303057,0",-7.895987828,30.83303057
1099,TARKOUT,"-8.623065499,30.85651811,0",-8.623065499,30.85651811
1100,TAGADIRT NTAFINGOULT,"-8.387274004,30.76496523,0",-8.387274004,30.76496523
1101,IGHIRA,"-8.289034161,30.85252278,0",-8.289034161,30.85252278
1102,TIZINTZOUGUARTE,"-7.677747475,31.39773439,0",-7.677747475,31.39773439
1103,AZEMOUR,"-8.0889346,31.10585421,0",-8.0889346,31.10585421
1104,MARIGUA,"-8.034298096,31.18603267,0",-8.034298096,31.18603267
1105,TASSA OUIRGANE,"-8.028928418,31.16490604,0",-8.028928418,31.16490604
1106,TIZI ZOUGGARTE,"-7.98486225,31.13325836,0",-7.98486225,31.13325836
1107,ISKALEN,"-8.274215239,30.93349365,0",-8.274215239,30.93349365
1108,TIZOUDA,"-6.566513487,31.28777261,0",-6.566513487,31.28777261
1109,,"-7.268103547,31.28935547,0",-7.268103547,31.28935547
1110,ARGUE,"-7.31897905,31.25768101,0",-7.31897905,31.25768101
1111,AGADIR INMZAL,"-8.01226333,30.99830307,0",-8.01226333,30.99830307
1112,,"-7.128783104,31.16287699,0",-7.128783104,31.16287699
1113,TIOURASSINE,"-7.151024878,31.276392,0",-7.151024878,31.276392
1114,ASQAOUR,"-7.666538215,31.23207043,0",-7.666538215,31.23207043
1115,TIMSALE,"-8.72311326,31.11377428,0",-8.72311326,31.11377428
1116,OUSSIKIS,"-8.722636639,31.00100768,0",-8.722636639,31.00100768
1117,IMLIL,"-8.44059058,30.8956513,0",-8.44059058,30.8956513
1118,TARZIRINE,"-6.446998908,31.39339822,0",-6.446998908,31.39339822
1119,ADARDORE,"-8.278826713,31.07331629,0",-8.278826713,31.07331629
1120,IGHRAME,"-8.049421766,31.07403881,0",-8.049421766,31.07403881
1121,AIT HIMMI,"-7.769384787,30.76931125,0",-7.769384787,30.76931125
1122,TAOUSS,"-8.270408058,30.94106967,0",-8.270408058,30.94106967
1123,TIJGHICHTE,"-8.090516303,30.97012018,0",-8.090516303,30.97012018
1124,TAGHZOUTE,"-8.86167312,30.92147071,0",-8.86167312,30.92147071
1125,TIZZA,"-8.778384523,30.91685174,0",-8.778384523,30.91685174
1126,AMASSA,"-8.827305619,30.86723276,0",-8.827305619,30.86723276
1127,KAIKTE,"-8.854311896,30.86235732,0",-8.854311896,30.86235732
1128,CASLAB,"-8.554969238,30.6821786,0",-8.554969238,30.6821786
1129,AGADAL,"-8.505855459,30.64672204,0",-8.505855459,30.64672204
1130,TIZI OU HAMMOU,"-8.672132358,30.65647704,0",-8.672132358,30.65647704
1131,AZROU,"-7.948510748,30.95529105,0",-7.948510748,30.95529105
1132,TIZA GHARINE,"-8.227230432,30.9784861,0",-8.227230432,30.9784861
1133,OUKONE,"-8.321640621,30.92250039,0",-8.321640621,30.92250039
1134,AGHBALOU,"-7.736195822,31.31128286,0",-7.736195822,31.31128286
1135,TIMSKRINE NOUGHBALOU,"-7.744861464,31.29959822,0",-7.744861464,31.29959822
1136,IGHRAME,"-8.140787629,31.10647004,0",-8.140787629,31.10647004
1137,TAHT DOUM,"-7.786930155,31.36979025,0",-7.786930155,31.36979025
1138,TAOURIRTE,"-7.768692283,31.3622727,0",-7.768692283,31.3622727
1139,TIZOUNTE,"-8.733934173,30.61596999,0",-8.733934173,30.61596999
1140,AIT MOUSSA,"-8.684398529,30.6151917,0",-8.684398529,30.6151917
1141,AMASSINE,"-6.352287312,31.46784763,0",-6.352287312,31.46784763
1142,ASNI,"-7.722904353,31.30025445,0",-7.722904353,31.30025445
1143,AIT ZEITOUNE,"-8.090523673,31.01967796,0",-8.090523673,31.01967796
1144,AIT TIGGA,"-7.50916525,30.70265639,0",-7.50916525,30.70265639
1145,TARZOUTE,"-6.182124767,31.58319127,0",-6.182124767,31.58319127
1146,AMNDAL,"-8.455834326,30.92044875,0",-8.455834326,30.92044875
1147,IMIMGOUNTE,"-8.878117358,30.86477123,0",-8.878117358,30.86477123
1148,IGUIDARE,"-8.93418851,30.88343752,0",-8.93418851,30.88343752
1149,TAMSKSITE,"-7.784895996,30.76632806,0",-7.784895996,30.76632806
1150,ZAOUIAT BOUSKOUR,"-5.874946395,31.58722353,0",-5.874946395,31.58722353
1151,CHRAIRE,"-8.473098203,30.67956532,0",-8.473098203,30.67956532
1152,TAMSOULT SOUAL,"-8.384537946,30.84188812,0",-8.384537946,30.84188812
1153,DOU ISKLE,"-8.281119969,30.78456043,0",-8.281119969,30.78456043
1154,TIFERT,"-8.348545465,30.77150791,0",-8.348545465,30.77150791
1155,IFOURIRNE,"-8.239360155,30.96880451,0",-8.239360155,30.96880451
1156,AIT ALI OU AISSA,"-5.805654987,31.74442094,0",-5.805654987,31.74442094
1157,ZAOUIAT TABGOURT,"-8.504916237,30.76003295,0",-8.504916237,30.76003295
1158,TOUDMA,"-8.511039179,30.79006977,0",-8.511039179,30.79006977
1159,AIT ALI OU MOUSSA,"-6.713909371,31.28931362,0",-6.713909371,31.28931362
1160,DOU TOURIRTE,"-8.2099922,30.96515158,0",-8.2099922,30.96515158
1161,AIT HAMMOU OU SAID,"-5.886799673,31.58053002,0",-5.886799673,31.58053002
1162,TALTA,"-8.59210513,30.81453443,0",-8.59210513,30.81453443
1163,TAMOUMANT,"-8.432311395,30.76544848,0",-8.432311395,30.76544848
1164,ARTATAYNE,"-8.260379808,30.93435354,0",-8.260379808,30.93435354
1165,IMIN-TALA,"-8.267106325,31.12908466,0",-8.267106325,31.12908466
1166,TIZI NAIT IAZZA,"-7.759485597,31.0201294,0",-7.759485597,31.0201294
1167,MEGDOUT,"-8.615360527,30.83983913,0",-8.615360527,30.83983913
1168,IGU-N-CHEIKH,"-8.970366751,30.71664921,0",-8.970366751,30.71664921
1169,MEZWADDE,"-7.680960146,30.58284438,0",-7.680960146,30.58284438
1170,AMZZARKO,"-7.844190994,30.94630487,0",-7.844190994,30.94630487
1171,AIT ZAKRI,"-8.147941401,30.89227205,0",-8.147941401,30.89227205
1172,TARGA N-TAHMIT,"-8.121739332,30.86129159,0",-8.121739332,30.86129159
1173,TIFLTE AIT ITFAOU,"-6.569327984,31.22192304,0",-6.569327984,31.22192304
1174,SOUGUANE,"-7.674757924,31.35292724,0",-7.674757924,31.35292724
1175,TALMSAWT,"-8.983864001,30.83212691,0",-8.983864001,30.83212691
1176,AIT OTHMANE,"-8.394214123,31.15230581,0",-8.394214123,31.15230581
1177,DOU OUZROU,"-8.384798614,31.16122428,0",-8.384798614,31.16122428
1178,AMZILE-EL THTANI,"-6.216339059,31.41118898,0",-6.216339059,31.41118898
1179,,"-8.440953168,30.7417746,0",-8.440953168,30.7417746
1180,SGOUR,"-7.725390911,31.34344593,0",-7.725390911,31.34344593
1181,INADENE,"-8.142890016,31.03496329,0",-8.142890016,31.03496329
1182,ASSAKA,"-7.757436309,30.82348482,0",-7.757436309,30.82348482
1183,TOUZOUMTANE,"-8.554749801,30.72392121,0",-8.554749801,30.72392121
1184,TIZGUINE,"-6.122658746,31.44590271,0",-6.122658746,31.44590271
1185,IMOUZROU AGOUMADANE,"-8.660537921,30.70827751,0",-8.660537921,30.70827751
1186,TASSAWANTE,"-8.190784156,30.98427393,0",-8.190784156,30.98427393
1187,TAGADIRTE NOUMIOSSE,"-8.206342921,30.96425316,0",-8.206342921,30.96425316
1188,TAWRIRT,"-8.478844194,30.89339406,0",-8.478844194,30.89339406
1189,BOULAHBAK ALMODAA,"-8.284362292,30.97790124,0",-8.284362292,30.97790124
1190,KMA,"-8.572750589,30.78808645,0",-8.572750589,30.78808645
1191,AIT BOUBKER,"-8.156259267,31.20036942,0",-8.156259267,31.20036942
1192,OUALGGO,"-8.913054003,31.05772976,0",-8.913054003,31.05772976
1193,TAMSSOULTE,"-8.909818734,30.90664695,0",-8.909818734,30.90664695
1194,TIWARDIWINE,"-7.749685121,31.19756148,0",-7.749685121,31.19756148
1195,TAKIOUTE,"-7.759387461,31.25608754,0",-7.759387461,31.25608754
1196,TARGAN-OUFRA,"-8.073309302,30.89513461,0",-8.073309302,30.89513461
1197,,"-7.655022221,31.05874848,0",-7.655022221,31.05874848
1198,AMANZAL,"-7.722004072,31.16501314,0",-7.722004072,31.16501314
1199,TASGUINTE,"-8.852447506,30.87473043,0",-8.852447506,30.87473043
1200,TAMZRITE(IGAARNANE),"-6.932188378,31.32049578,0",-6.932188378,31.32049578
1201,MATATE,"-7.941973385,31.1571317,0",-7.941973385,31.1571317
1202,IKISS,"-7.888535763,31.16571636,0",-7.888535763,31.16571636
1203,,"-7.62864398,31.117373,0",-7.62864398,31.117373
1204,ALMS,"-8.847901233,31.06072957,0",-8.847901233,31.06072957
1205,TANSGHARTE,"-7.975198036,31.22398614,0",-7.975198036,31.22398614
1206,AGADIR ISMIR,"-7.885976308,31.24368611,0",-7.885976308,31.24368611
1207,TAWRIRTE,"-7.677449997,31.04819033,0",-7.677449997,31.04819033
1208,TAOURIRT,"-8.668507596,30.80170554,0",-8.668507596,30.80170554
1209,TAGHIGHOUCHT,"-7.839242749,30.82135697,0",-7.839242749,30.82135697
1210,BOUSGUINE,"-8.880485407,30.68613694,0",-8.880485407,30.68613694
1211,TALATAN,"-8.945127385,30.6957643,0",-8.945127385,30.6957643
1212,AIT ABDI,"-5.80835748,31.73194902,0",-5.80835748,31.73194902
1213,AIT TAMGOUNTE,"-5.808371243,31.75063616,0",-5.808371243,31.75063616
1214,TALATE NOUGNARE,"-7.840406197,30.77715819,0",-7.840406197,30.77715819
1215,TIMZRITE,"-7.691569684,31.06189362,0",-7.691569684,31.06189362
1216,TIFIXTE,"-8.372543688,30.76258703,0",-8.372543688,30.76258703
1217,AIT WAHOU,"-7.769915684,30.81291618,0",-7.769915684,30.81291618
1218,AIT KHLIFA,"-6.239173771,31.41869442,0",-6.239173771,31.41869442
1219,TIGHARMITE,"-5.81043302,31.69695899,0",-5.81043302,31.69695899
1220,AIT HAMD,"-8.244660365,31.1717558,0",-8.244660365,31.1717558
1221,,"-5.827455725,31.6857457,0",-5.827455725,31.6857457
1222,IGRANE TAOUINAKHT,"-8.490359557,30.78197858,0",-8.490359557,30.78197858
1223,AWFOUR,"-8.590554562,30.97436252,0",-8.590554562,30.97436252
1224,ASSAKA,"-8.019946561,30.8574795,0",-8.019946561,30.8574795
1225,ASSALDA,"-7.96566162,31.25750632,0",-7.96566162,31.25750632
1226,ANARGHI,"-8.409552743,30.91825352,0",-8.409552743,30.91825352
1227,TADDARTE,"-7.394210121,31.35851969,0",-7.394210121,31.35851969
1228,AMTSITANE,"-7.374244559,31.32579136,0",-7.374244559,31.32579136
1229,TADDART,"-8.581872069,30.86294844,0",-8.581872069,30.86294844
1230,ARGHANE,"-8.233639046,30.97889547,0",-8.233639046,30.97889547
1231,TINMAL,"-8.224761565,30.9828638,0",-8.224761565,30.9828638
1232,IGHOUNANE,"-7.144038714,31.28626564,0",-7.144038714,31.28626564
1233,HLOUTE,"-7.893104962,30.85458789,0",-7.893104962,30.85458789
1234,AMASSKRA,"-7.427239593,31.36345706,0",-7.427239593,31.36345706
1235,WANITARNE,"-7.830358257,30.77787467,0",-7.830358257,30.77787467
1236,AKOUCHTIM,"-7.63398087,31.10523316,0",-7.63398087,31.10523316
1237,AGDIM,"-8.097196299,30.86031737,0",-8.097196299,30.86031737
1238,AIT ATTOU OU YAKKOU,"-5.766323932,31.83002296,0",-5.766323932,31.83002296
1239,AIT FARS,"-7.129636042,31.13476059,0",-7.129636042,31.13476059
1240,TAKOURDMI,"-8.180289964,30.89070325,0",-8.180289964,30.89070325
1241,AMAZER,"-7.789014314,31.26708014,0",-7.789014314,31.26708014
1242,AIT CHAOUIT,"-7.78334498,31.37174569,0",-7.78334498,31.37174569
1243,EL HAJEB,"-7.801005955,31.37213789,0",-7.801005955,31.37213789
1244,TAMARRISTE,"-8.850167421,30.75888182,0",-8.850167421,30.75888182
1245,YABOURA,"-7.758709685,31.30015096,0",-7.758709685,31.30015096
1246,TIMLILTE,"-8.207328561,30.97436753,0",-8.207328561,30.97436753
1247,ASSAKA,"-8.776877967,30.72197209,0",-8.776877967,30.72197209
1248,AGADIR LJAMA,"-8.426123711,30.79949494,0",-8.426123711,30.79949494
1249,TAWART,"-8.668687592,30.83516217,0",-8.668687592,30.83516217
1250,OUSRAINE,"-7.76935945,31.00978226,0",-7.76935945,31.00978226
1251,TIHLATE,"-8.910630813,30.68631916,0",-8.910630813,30.68631916
1252,AIT BOUKHZIR,"-8.327804337,30.85346616,0",-8.327804337,30.85346616
1253,AIT AMAROU BRAHIM,"-5.877661961,31.58341416,0",-5.877661961,31.58341416
1254,AGHBALOU,"-7.709711291,30.8276792,0",-7.709711291,30.8276792
1255,WAWZRAKT,"-8.571089722,30.85692721,0",-8.571089722,30.85692721
1256,ILOUKOUSSEN,"-7.847847114,30.82578191,0",-7.847847114,30.82578191
1257,AIT CHERIF,"-8.756217748,30.66308701,0",-8.756217748,30.66308701
1258,AZGARANE,"-8.880704155,30.70018251,0",-8.880704155,30.70018251
1259,TOUKOUNTE,"-7.762131366,31.02676934,0",-7.762131366,31.02676934
1260,ABANE,"-7.763510404,30.78739706,0",-7.763510404,30.78739706
1261,TIMALIZEN,"-7.749794147,31.35110332,0",-7.749794147,31.35110332
1262,TAMKZDART,"-6.420828035,31.43241781,0",-6.420828035,31.43241781
1263,TIGHLI,"-6.465245175,31.46423623,0",-6.465245175,31.46423623
1264,TOUYALINE,"-8.49260213,30.89962716,0",-8.49260213,30.89962716
1265,TAOURIRTE,"-7.836814113,30.80149583,0",-7.836814113,30.80149583
1266,TARGANIZRANE,"-8.364279586,30.84087135,0",-8.364279586,30.84087135
1267,TANSSIFTE,"-6.587786239,31.24278325,0",-6.587786239,31.24278325
1268,ICHAHRINE,"-7.852841061,30.8395675,0",-7.852841061,30.8395675
1269,ALOUSSE,"-8.33303087,30.99048964,0",-8.33303087,30.99048964
1270,WANLAKHTE,"-8.99768451,31.01303846,0",-8.99768451,31.01303846
1271,TAZAITE,"-8.845478496,30.75261187,0",-8.845478496,30.75261187
1272,IARME-AKDIME,"-6.11833479,31.45110777,0",-6.11833479,31.45110777
1273,ANNAMAR,"-7.667543866,31.27473869,0",-7.667543866,31.27473869
1274,TASGUINTE,"-7.969154802,30.90944826,0",-7.969154802,30.90944826
1275,IDAGH,"-7.317362809,31.36008041,0",-7.317362809,31.36008041
1276,AIT MAAROUF,"-7.573579734,30.58373669,0",-7.573579734,30.58373669
1277,AIT ZMLAL,"-8.706871813,30.95287075,0",-8.706871813,30.95287075
1278,TAWRIRTE,"-8.507359206,31.11334486,0",-8.507359206,31.11334486
1279,TAGADIRT NID AMMOU,"-7.888437538,30.96251975,0",-7.888437538,30.96251975
1280,ANGOUKHTE,"-8.533503572,30.99674362,0",-8.533503572,30.99674362
1281,TAMANGROUTE,"-6.694180579,31.24112915,0",-6.694180579,31.24112915
1282,IOUACODEN,"-7.537383597,31.36217518,0",-7.537383597,31.36217518
1283,ISSOUKTAY,"-7.743639515,31.31833703,0",-7.743639515,31.31833703
1284,TANBDANT,"-8.449489577,30.81415813,0",-8.449489577,30.81415813
1285,AZROU MELLENE,"-8.583254097,30.9829239,0",-8.583254097,30.9829239
1286,TIQUI,"-7.940799129,30.95012338,0",-7.940799129,30.95012338
1287,IMINTALAT,"-8.139429279,31.20141668,0",-8.139429279,31.20141668
1288,TAKOULTIMT,"-8.340586013,30.78458892,0",-8.340586013,30.78458892
1289,TAGHZOUTE,"-8.207607178,31.10293891,0",-8.207607178,31.10293891
1290,IMLIL,"-7.821125723,30.99780155,0",-7.821125723,30.99780155
1291,AGUERS AFENE,"-8.702112247,30.9575207,0",-8.702112247,30.9575207
1292,MTILI,"-8.746621817,30.93833734,0",-8.746621817,30.93833734
1293,OUZAGA,"-8.720092691,30.92029184,0",-8.720092691,30.92029184
1294,RARKTOU,"-8.659869793,30.93108458,0",-8.659869793,30.93108458
1295,AZERBZANE,"-7.799051184,30.76500186,0",-7.799051184,30.76500186
1296,TOURBIHINE,"-8.993894031,30.83088204,0",-8.993894031,30.83088204
1297,TAGHRA,"-6.533855177,31.40376072,0",-6.533855177,31.40376072
1298,IHARRAY,"-7.557370045,31.37330376,0",-7.557370045,31.37330376
1299,AGHBALOU AIT LQAQ,"-7.810742407,31.24143288,0",-7.810742407,31.24143288
1300,TAMMAST,"-8.792798077,30.76606268,0",-8.792798077,30.76606268
1301,ASSAKA,"-8.76607308,30.76725223,0",-8.76607308,30.76725223
1302,IGHARMANE,"-7.729985536,31.30314035,0",-7.729985536,31.30314035
1303,TIZGUI OU ZADAR,"-8.990740765,30.9642687,0",-8.990740765,30.9642687
1304,OULAD MELLOUK,"-8.528658117,30.63958592,0",-8.528658117,30.63958592
1305,AFRA,"-8.761804008,30.73010398,0",-8.761804008,30.73010398
1306,MOURGH,"-8.928806186,30.6558274,0",-8.928806186,30.6558274
1307,BOUSKANE,"-8.792477613,30.74035777,0",-8.792477613,30.74035777
1308,IGLI OUFELLA(souk),"-7.899685626,30.85706716,0",-7.899685626,30.85706716
1309,ASSIF LAHLOU,"-8.677606617,30.92529322,0",-8.677606617,30.92529322
1310,MINE ZGOUNDIR,"-7.755240903,30.75952497,0",-7.755240903,30.75952497
1311,TAGADIRTE NAIT ZNIRT,"-7.783523639,31.36503153,0",-7.783523639,31.36503153
1312,AGADIRNE,"-8.166505546,30.9681913,0",-8.166505546,30.9681913
1313,AIT YOUB,"-8.274628352,30.80338258,0",-8.274628352,30.80338258
1314,TAFANTANE,"-7.85348655,31.34534785,0",-7.85348655,31.34534785
1315,IMIDALE,"-8.132545735,31.10809915,0",-8.132545735,31.10809915
1316,TAMSOULT,"-8.37074986,31.00313632,0",-8.37074986,31.00313632
1317,TAGADIRT,"-8.68048652,30.77086926,0",-8.68048652,30.77086926
1318,IGUIDI,"-8.101972502,31.02325618,0",-8.101972502,31.02325618
1319,FATERAWAT,"-7.574152617,30.58718831,0",-7.574152617,30.58718831
1320,OURIGHE,"-8.156413549,31.1056829,0",-8.156413549,31.1056829
1321,TIZ GHOURINE,"-7.696836561,31.07143593,0",-7.696836561,31.07143593
1322,IMZILEN,"-7.645751216,30.6071984,0",-7.645751216,30.6071984
1323,TALLOUZT,"-8.788312791,30.76677482,0",-8.788312791,30.76677482
1324,TACHAKOUCHTE,"-7.760110164,30.63649912,0",-7.760110164,30.63649912
1325,TIGGRTE,"-7.128734274,31.1388537,0",-7.128734274,31.1388537
1326,AGADIR HAJ HAMMOU,"-8.535736461,30.63769777,0",-8.535736461,30.63769777
1327,,"-7.887465972,30.87028648,0",-7.887465972,30.87028648
1328,TAGNIT,"-7.654822842,31.27497547,0",-7.654822842,31.27497547
1329,IZAGGUENE,"-7.916750384,30.97766233,0",-7.916750384,30.97766233
1330,AIT EL KADI,"-8.198364614,30.88479428,0",-8.198364614,30.88479428
1331,AIT TADRART,"-8.242892808,30.84519318,0",-8.242892808,30.84519318
1332,AZMOU,"-8.486762354,31.13220827,0",-8.486762354,31.13220827
1333,AGUERD OU MZLOU,"-8.976756097,30.99075111,0",-8.976756097,30.99075111
1334,IKAKREN,"-8.975409217,30.83199098,0",-8.975409217,30.83199098
1335,AIT LHAROUACH,"-9.001158406,30.95116432,0",-9.001158406,30.95116432
1336,TINOUMARTINE,"-8.895115452,30.96286952,0",-8.895115452,30.96286952
1337,TIMESKERTE,"-8.775657219,31.06094823,0",-8.775657219,31.06094823
1338,TIGOUMANE SKARATE,"-8.80297169,31.08490154,0",-8.80297169,31.08490154
1339,IMIGHZER,"-8.703155314,30.62228187,0",-8.703155314,30.62228187
1340,ZAOUIAT TAKRART,"-9.013343266,30.98179804,0",-9.013343266,30.98179804
1341,TAADADATE TAKDIMTE,"-5.832104527,31.68103102,0",-5.832104527,31.68103102
1342,AIT HMID,"-8.612713692,30.68280181,0",-8.612713692,30.68280181
1343,TIGHARMINE,"-7.60042568,31.36080717,0",-7.60042568,31.36080717
1344,ISLANE,"-8.855657962,30.76642752,0",-8.855657962,30.76642752
1345,AITIFERD,"-7.742386301,30.82171242,0",-7.742386301,30.82171242
1346,IMOUZEZ,"-8.427052779,30.79605365,0",-8.427052779,30.79605365
1347,ASSAISS,"-8.334410604,30.85409967,0",-8.334410604,30.85409967
1348,BENTAFFOU,"-8.74444328,30.60552442,0",-8.74444328,30.60552442
1349,TOURAB,"-8.566708091,31.04105367,0",-8.566708091,31.04105367
1350,ARG,"-7.920435643,31.18676712,0",-7.920435643,31.18676712
1351,WIYGUITE,"-8.217118556,30.94741728,0",-8.217118556,30.94741728
1352,IFGHANE,"-7.921887937,31.23991509,0",-7.921887937,31.23991509
1353,ANAMMAR,"-8.417641715,31.129538,0",-8.417641715,31.129538
1354,AMOUTOU,"-7.652805401,31.35679943,0",-7.652805401,31.35679943
1355,AMARZGANE,"-8.278817786,30.97377741,0",-8.278817786,30.97377741
1356,AKHOUTRIR,"-8.783897658,30.69567462,0",-8.783897658,30.69567462
1357,TAZALTE,"-8.245333426,30.97631238,0",-8.245333426,30.97631238
1358,TIKIWTE,"-8.175063949,30.99996735,0",-8.175063949,30.99996735
1359,,"-8.410303531,30.85816857,0",-8.410303531,30.85816857
1360,TASSILI,"-8.690317118,30.82411293,0",-8.690317118,30.82411293
1361,AIT OUBLAL,"-8.420373544,30.82273538,0",-8.420373544,30.82273538
1362,IZNOUNA,"-8.466505147,31.0488362,0",-8.466505147,31.0488362
1363,WIDRARANE,"-8.386534006,30.89543756,0",-8.386534006,30.89543756
1364,AIT MOUSSI,"-7.773707163,31.25447367,0",-7.773707163,31.25447367
1365,TADMENKALT,"-7.712944132,31.2737114,0",-7.712944132,31.2737114
1366,AMASSINE,"-8.762204403,31.06992032,0",-8.762204403,31.06992032
1367,CENTRE OUKAIMDEN,"-7.857505737,31.20842298,0",-7.857505737,31.20842298
1368,FIGRI,"-8.682495596,30.81711914,0",-8.682495596,30.81711914
1369,IGHIL,"-8.290349188,30.98677929,0",-8.290349188,30.98677929
1370,OURTANE,"-8.906837581,30.9056637,0",-8.906837581,30.9056637
1371,AWRA,"-7.68241959,31.05149585,0",-7.68241959,31.05149585
1372,ANROUYE,"-7.946610622,30.91369434,0",-7.946610622,30.91369434
1373,AIT CHOU,"-7.76867439,31.26465544,0",-7.76867439,31.26465544
1374,AKHBACHEN,"-7.761295415,31.24920488,0",-7.761295415,31.24920488
1375,ALGJI,"-7.784416467,31.36855876,0",-7.784416467,31.36855876
1376,LAKHMISS,"-7.770976744,31.38661745,0",-7.770976744,31.38661745
1377,AKHLIJ,"-7.774981442,31.37270305,0",-7.774981442,31.37270305
1378,OUCHFILANE,"-8.109471344,31.20456661,0",-8.109471344,31.20456661
1379,AWRIR,"-7.755690071,31.26360918,0",-7.755690071,31.26360918
1380,ZAOUIA AIT MECHKOUR,"-7.715145342,31.29957275,0",-7.715145342,31.29957275
1381,ADARDORE,"-8.738182485,31.05655476,0",-8.738182485,31.05655476
1382,AGADIR NAIT BOULMANE,"-7.691144323,31.21866644,0",-7.691144323,31.21866644
1383,KATTO,"-8.274515871,31.08431501,0",-8.274515871,31.08431501
1384,IMI ISLI,"-8.262478891,31.14818448,0",-8.262478891,31.14818448
1385,AZARFSANE,"-7.993244912,31.16665457,0",-7.993244912,31.16665457
1386,IBAACHENE,"-7.718844855,31.20794009,0",-7.718844855,31.20794009
1387,ANFLI,"-7.740261343,31.20070176,0",-7.740261343,31.20070176
1388,TAMSSOULTE,"-7.703611486,31.38737985,0",-7.703611486,31.38737985
